Collection_Name,Manufacturer_Collection_Name,S.No.,Item No.,Article,DESCRIPTION,Rolls,Rate,Amount,WEIGHT GRS/SMT,EAN CODE,GROSS WEIGHT KG/RX,NET WEIGHT KG./RX,BOX WEIGHT KG,DESIGN REPEAT cm,WIDTH m,LENGHT m,QUANTITY PER BOX,VOL/BOX mc,BOX TOT.WEIGHT kg,RESISTANCE TO LIGHT,WASHABILITY,REACTION TO FIRE,CERTIFICATIONS,EMISSIONS DANS L'AIR INTERIEUR,Repeat_1_Value,Repeat_1_Type,Repeat_2_Value,Repeat_2_Type
Aura,Aura,47022.0,42201.0,42201,AURA PVC/TNT,,29.0,0.0,420 gr,8022560422018.0,4.704,4.474,0.86,64 straight,1.06,10.05,4.0,0.04,18.816,GOOD,WASHABLE AND SCRUBBABLE,"D-s3,d2",CE,A+,64.0,Straight,,
Aura,Aura,47001.0,42202.0,42202,AURA PVC/TNT,,29.0,0.0,420 gr,8022560422025.0,4.704,4.474,0.86,64 straight,1.06,10.05,4.0,0.04,18.816,GOOD,WASHABLE AND SCRUBBABLE,"D-s3,d2",CE,A+,64.0,Straight,,
Aura,Aura,47026.0,42203.0,42203,AURA PVC/TNT,,29.0,0.0,420 gr,8022560422032.0,4.704,4.474,0.86,64 straight,1.06,10.05,4.0,0.04,18.816,GOOD,WASHABLE AND SCRUBBABLE,"D-s3,d2",CE,A+,64.0,Straight,,
Aura,Aura,47011.0,42204.0,42204,AURA PVC/TNT,,29.0,0.0,420 gr,8022560422049.0,4.704,4.474,0.86,64 straight,1.06,10.05,4.0,0.04,18.816,GOOD,WASHABLE AND SCRUBBABLE,"D-s3,d2",CE,A+,64.0,Straight,,
Aura,Aura,47039.0,42205.0,42205,AURA PVC/TNT,,29.0,0.0,420 gr,8022560422056.0,4.704,4.474,0.86,64 straight,1.06,10.05,4.0,0.04,18.816,GOOD,WASHABLE AND SCRUBBABLE,"D-s3,d2",CE,A+,64.0,Straight,,
Aura,Aura,47027.0,42206.0,42206,AURA PVC/TNT,,29.0,0.0,420 gr,8022560422063.0,4.704,4.474,0.86,64 straight,1.06,10.05,4.0,0.04,18.816,GOOD,WASHABLE AND SCRUBBABLE,"D-s3,d2",CE,A+,64.0,Straight,,
Aura,Aura,47027.0,42206.0,42206,AURA PVC/TNT,,29.0,0.0,420 gr,8022560422063.0,4.704,4.474,0.86,64 straight,1.06,10.05,4.0,0.04,18.816,GOOD,WASHABLE AND SCRUBBABLE,"D-s3,d2",CE,A+,64.0,Straight,,
Aura,Aura,47036.0,42207.0,42207,AURA PVC/TNT,,29.0,0.0,420 gr,8022560422070.0,4.704,4.474,0.86,64 straight,1.06,10.05,4.0,0.04,18.816,GOOD,WASHABLE AND SCRUBBABLE,"D-s3,d2",CE,A+,64.0,Straight,,
Aura,Aura,47018.0,42209.0,42209,AURA PVC/TNT,,29.0,0.0,420 gr,8022560422094.0,4.704,4.474,0.86,64 straight,1.06,10.05,4.0,0.04,18.816,GOOD,WASHABLE AND SCRUBBABLE,"D-s3,d2",CE,A+,64.0,Straight,,
Aura,Aura,47024.0,42210.0,42210,AURA PVC/TNT,,29.0,0.0,420 gr,8022560422100.0,4.704,4.474,0.86,64 offset,1.06,10.05,4.0,0.04,18.816,GOOD,WASHABLE AND SCRUBBABLE,"D-s3,d2",CE,A+,64.0,Offset,,
Aura,Aura,47003.0,42211.0,42211,AURA PVC/TNT,,29.0,0.0,420 gr,8022560422117.0,4.704,4.474,0.86,64 offset,1.06,10.05,4.0,0.04,18.816,GOOD,WASHABLE AND SCRUBBABLE,"D-s3,d2",CE,A+,64.0,Offset,,
Aura,Aura,47021.0,42212.0,42212,AURA PVC/TNT,,29.0,0.0,420 gr,8022560422124.0,4.704,4.474,0.86,64 offset,1.06,10.05,4.0,0.04,18.816,GOOD,WASHABLE AND SCRUBBABLE,"D-s3,d2",CE,A+,64.0,Offset,,
Aura,Aura,47007.0,42213.0,42213,AURA PVC/TNT,,29.0,0.0,420 gr,8022560422131.0,4.704,4.474,0.86,64 offset,1.06,10.05,4.0,0.04,18.816,GOOD,WASHABLE AND SCRUBBABLE,"D-s3,d2",CE,A+,64.0,Offset,,
Aura,Aura,47013.0,42214.0,42214,AURA PVC/TNT,,29.0,0.0,420 gr,8022560422148.0,4.704,4.474,0.86,64 offset,1.06,10.05,4.0,0.04,18.816,GOOD,WASHABLE AND SCRUBBABLE,"D-s3,d2",CE,A+,64.0,Offset,,
Aura,Aura,47013.0,42214.0,42214,AURA PVC/TNT,,29.0,0.0,420 gr,8022560422148.0,4.704,4.474,0.86,64 offset,1.06,10.05,4.0,0.04,18.816,GOOD,WASHABLE AND SCRUBBABLE,"D-s3,d2",CE,A+,64.0,Offset,,
Aura,Aura,47033.0,42215.0,42215,AURA PVC/TNT,,29.0,0.0,420 gr,8022560422155.0,4.704,4.474,0.86,64 offset,1.06,10.05,4.0,0.04,18.816,GOOD,WASHABLE AND SCRUBBABLE,"D-s3,d2",CE,A+,64.0,Offset,,
Aura,Aura,47030.0,42216.0,42216,AURA PVC/TNT,,29.0,0.0,420 gr,8022560422162.0,4.704,4.474,0.86,64 offset,1.06,10.05,4.0,0.04,18.816,GOOD,WASHABLE AND SCRUBBABLE,"D-s3,d2",CE,A+,64.0,Offset,,
Aura,Aura,47034.0,42217.0,42217,AURA PVC/TNT,,29.0,0.0,420 gr,8022560422179.0,4.704,4.474,0.86,64 offset,1.06,10.05,4.0,0.04,18.816,GOOD,WASHABLE AND SCRUBBABLE,"D-s3,d2",CE,A+,64.0,Offset,,
Aura,Aura,47020.0,42219.0,42219,AURA PVC/TNT,,29.0,0.0,420 gr,8022560422193.0,4.704,4.474,0.86,64 offset,1.06,10.05,4.0,0.04,18.816,GOOD,WASHABLE AND SCRUBBABLE,"D-s3,d2",CE,A+,64.0,Offset,,
Aura,Aura,47025.0,42220.0,42220,AURA PVC/TNT,,29.0,0.0,400 gr,8022560422209.0,4.491,4.261,0.86,64 offset,1.06,10.05,4.0,0.04,17.964,GOOD,WASHABLE AND SCRUBBABLE,"D-s3,d2",CE,A+,64.0,Offset,,
Aura,Aura,47008.0,42223.0,42223,AURA PVC/TNT,,29.0,0.0,400 gr,8022560422230.0,4.491,4.261,0.86,64 offset,1.06,10.05,4.0,0.04,17.964,GOOD,WASHABLE AND SCRUBBABLE,"D-s3,d2",CE,A+,64.0,Offset,,
Aura,Aura,47008.0,42223.0,42223,AURA PVC/TNT,,29.0,0.0,400 gr,8022560422230.0,4.491,4.261,0.86,64 offset,1.06,10.05,4.0,0.04,17.964,GOOD,WASHABLE AND SCRUBBABLE,"D-s3,d2",CE,A+,64.0,Offset,,
Aura,Aura,47010.0,42224.0,42224,AURA PVC/TNT,,29.0,0.0,400 gr,8022560422247.0,4.491,4.261,0.86,64 offset,1.06,10.05,4.0,0.04,17.964,GOOD,WASHABLE AND SCRUBBABLE,"D-s3,d2",CE,A+,64.0,Offset,,
Aura,Aura,47029.0,42226.0,42226,AURA PVC/TNT,,29.0,0.0,400 gr,8022560422261.0,4.491,4.261,0.86,64 offset,1.06,10.05,4.0,0.04,17.964,GOOD,WASHABLE AND SCRUBBABLE,"D-s3,d2",CE,A+,64.0,Offset,,
Aura,Aura,47015.0,42228.0,42228,AURA PVC/TNT,,29.0,0.0,400 gr,8022560422285.0,4.491,4.261,0.86,64 offset,1.06,10.05,4.0,0.04,17.964,GOOD,WASHABLE AND SCRUBBABLE,"D-s3,d2",CE,A+,64.0,Offset,,
Aura,Aura,47015.0,42228.0,42228,AURA PVC/TNT,,29.0,0.0,400 gr,8022560422285.0,4.491,4.261,0.86,64 offset,1.06,10.05,4.0,0.04,17.964,GOOD,WASHABLE AND SCRUBBABLE,"D-s3,d2",CE,A+,64.0,Offset,,
Aura,Aura,47017.0,42229.0,42229,AURA PVC/TNT,,29.0,0.0,400 gr,8022560422292.0,4.491,4.261,0.86,64 offset,1.06,10.05,4.0,0.04,17.964,GOOD,WASHABLE AND SCRUBBABLE,"D-s3,d2",CE,A+,64.0,Offset,,
Aura,Aura,47028.0,42231.0,42231,AURA PVC/TNT,,29.0,0.0,400 gr,8022560422315.0,4.491,4.261,0.86,64 offset,1.06,10.05,4.0,0.04,17.964,GOOD,WASHABLE AND SCRUBBABLE,"D-s3,d2",CE,A+,64.0,Offset,,
Aura,Aura,47009.0,42233.0,42233,AURA PVC/TNT,,29.0,0.0,400 gr,8022560422339.0,4.491,4.261,0.86,64 offset,1.06,10.05,4.0,0.04,17.964,GOOD,WASHABLE AND SCRUBBABLE,"D-s3,d2",CE,A+,64.0,Offset,,
Aura,Aura,47016.0,42234.0,42234,AURA PVC/TNT,,29.0,0.0,400 gr,8022560422346.0,4.491,4.261,0.86,64 offset,1.06,10.05,4.0,0.04,17.964,GOOD,WASHABLE AND SCRUBBABLE,"D-s3,d2",CE,A+,64.0,Offset,,
Aura,Aura,47012.0,42244.0,42244,AURA PVC/TNT,,29.0,0.0,400 gr,8022560422445.0,4.491,4.261,0.86,zero/53 straight,1.06,10.05,4.0,0.04,17.964,GOOD,WASHABLE AND SCRUBBABLE,"D-s3,d2",CE,A+,0.0,,53.0,Straight
Aura,Aura,47038.0,42245.0,42245,AURA PVC/TNT,,29.0,0.0,400 gr,8022560422452.0,4.491,4.261,0.86,zero/53 straight,1.06,10.05,4.0,0.04,17.964,GOOD,WASHABLE AND SCRUBBABLE,"D-s3,d2",CE,A+,0.0,,53.0,Straight
Aura,Aura,47037.0,42247.0,42247,AURA PVC/TNT,,29.0,0.0,400 gr,8022560422476.0,4.491,4.261,0.86,zero/53 straight,1.06,10.05,4.0,0.04,17.964,GOOD,WASHABLE AND SCRUBBABLE,"D-s3,d2",CE,A+,0.0,,53.0,Straight
Aura,Aura,47019.0,42249.0,42249,AURA PVC/TNT,,29.0,0.0,400 gr,8022560422490.0,4.491,4.261,0.86,zero/53 straight,1.06,10.05,4.0,0.04,17.964,GOOD,WASHABLE AND SCRUBBABLE,"D-s3,d2",CE,A+,0.0,,53.0,Straight
Aura,Aura,47023.0,42260.0,42260,AURA PVC/TNT,,29.0,0.0,400 gr,8022560422605.0,4.491,4.261,0.86,zero/53 straight,1.06,10.05,4.0,0.04,17.964,GOOD,WASHABLE AND SCRUBBABLE,"D-s3,d2",CE,A+,0.0,,53.0,Straight
Aura,Aura,47002.0,42261.0,42261,AURA PVC/TNT,,29.0,0.0,400 gr,8022560422612.0,4.491,4.261,0.86,zero/53 straight,1.06,10.05,4.0,0.04,17.964,GOOD,WASHABLE AND SCRUBBABLE,"D-s3,d2",CE,A+,0.0,,53.0,Straight
Aura,Aura,47002.0,42261.0,42261,AURA PVC/TNT,,29.0,0.0,400 gr,8022560422612.0,4.491,4.261,0.86,zero/53 straight,1.06,10.05,4.0,0.04,17.964,GOOD,WASHABLE AND SCRUBBABLE,"D-s3,d2",CE,A+,0.0,,53.0,Straight
Aura,Aura,47004.0,42262.0,42262,AURA PVC/TNT,,29.0,0.0,400 gr,8022560422629.0,4.491,4.261,0.86,zero/53 straight,1.06,10.05,4.0,0.04,17.964,GOOD,WASHABLE AND SCRUBBABLE,"D-s3,d2",CE,A+,0.0,,53.0,Straight
Aura,Aura,47004.0,42262.0,42262,AURA PVC/TNT,,29.0,0.0,400 gr,8022560422629.0,4.491,4.261,0.86,zero/53 straight,1.06,10.05,4.0,0.04,17.964,GOOD,WASHABLE AND SCRUBBABLE,"D-s3,d2",CE,A+,0.0,,53.0,Straight
Aura,Aura,47004.0,42262.0,42262,AURA PVC/TNT,,29.0,0.0,400 gr,8022560422629.0,4.491,4.261,0.86,zero/53 straight,1.06,10.05,4.0,0.04,17.964,GOOD,WASHABLE AND SCRUBBABLE,"D-s3,d2",CE,A+,0.0,,53.0,Straight
Aura,Aura,47005.0,42263.0,42263,AURA PVC/TNT,,29.0,0.0,400 gr,8022560422636.0,4.491,4.261,0.86,zero/53 straight,1.06,10.05,4.0,0.04,17.964,GOOD,WASHABLE AND SCRUBBABLE,"D-s3,d2",CE,A+,0.0,,53.0,Straight
Aura,Aura,47005.0,42263.0,42263,AURA PVC/TNT,,29.0,0.0,400 gr,8022560422636.0,4.491,4.261,0.86,zero/53 straight,1.06,10.05,4.0,0.04,17.964,GOOD,WASHABLE AND SCRUBBABLE,"D-s3,d2",CE,A+,0.0,,53.0,Straight
Aura,Aura,47014.0,42264.0,42264,AURA PVC/TNT,,29.0,0.0,400 gr,8022560422643.0,4.491,4.261,0.86,zero/53 straight,1.06,10.05,4.0,0.04,17.964,GOOD,WASHABLE AND SCRUBBABLE,"D-s3,d2",CE,A+,0.0,,53.0,Straight
Aura,Aura,47035.0,42265.0,42265,AURA PVC/TNT,,29.0,0.0,400 gr,8022560422650.0,4.491,4.261,0.86,zero/53 straight,1.06,10.05,4.0,0.04,17.964,GOOD,WASHABLE AND SCRUBBABLE,"D-s3,d2",CE,A+,0.0,,53.0,Straight
Aura,Aura,47031.0,42266.0,42266,AURA PVC/TNT,,29.0,0.0,400 gr,8022560422667.0,4.491,4.261,0.86,zero/53 straight,1.06,10.05,4.0,0.04,17.964,GOOD,WASHABLE AND SCRUBBABLE,"D-s3,d2",CE,A+,0.0,,53.0,Straight
Aura,Aura,47006.0,42272.0,42272,AURA PVC/TNT,,29.0,0.0,400 gr,8022560422728.0,4.491,4.261,0.86,zero/53 straight,1.06,10.05,4.0,0.04,17.964,GOOD,WASHABLE AND SCRUBBABLE,"D-s3,d2",CE,A+,0.0,,53.0,Straight
Aura,Aura,47006.0,42272.0,42272,AURA PVC/TNT,,29.0,0.0,400 gr,8022560422728.0,4.491,4.261,0.86,zero/53 straight,1.06,10.05,4.0,0.04,17.964,GOOD,WASHABLE AND SCRUBBABLE,"D-s3,d2",CE,A+,0.0,,53.0,Straight
Aura,Aura,47032.0,42275.0,42275,AURA PVC/TNT,,29.0,0.0,400 gr,8022560422759.0,4.491,4.261,0.86,zero/53 straight,1.06,10.05,4.0,0.04,17.964,GOOD,WASHABLE AND SCRUBBABLE,"D-s3,d2",CE,A+,0.0,,53.0,Straight
Botany House,Botany House,44141.0,15501.0,15501,Botany House/TNT,,10.7,0.0,130 gr,8022560155015.0,0.707,0.692,0.35,53 straight,0.53,10.05,12.0,0.018,8.484,GOOD,WASHABLE,"D-s3,d2",CE,A+,53.0,Straight,,
Botany House,Botany House,44106.0,15502.0,15502,Botany House/TNT,,10.7,0.0,130 gr,8022560155022.0,0.736,0.692,0.35,53 straight,0.53,10.05,12.0,0.018,8.834,GOOD,WASHABLE,"D-s3,d2",CE,A+,53.0,Straight,,
Botany House,Botany House,44122.0,15503.0,15503,Botany House/TNT,,10.7,0.0,130 gr,8022560155039.0,0.736,0.692,0.35,53 straight,0.53,10.05,12.0,0.018,8.834,GOOD,WASHABLE,"D-s3,d2",CE,A+,53.0,Straight,,
Botany House,Botany House,44144.0,15513.0,15513,Botany House/TNT,,10.7,0.0,130 gr,8022560155138.0,0.736,0.692,0.35,53 straight,0.53,10.05,12.0,0.018,8.834,GOOD,WASHABLE,"D-s3,d2",CE,A+,53.0,Straight,,
Botany House,Botany House,44113.0,15514.0,15514,Botany House/TNT,,10.7,0.0,130 gr,8022560155145.0,0.736,0.692,0.35,53 straight,0.53,10.05,12.0,0.018,8.834,GOOD,WASHABLE,"D-s3,d2",CE,A+,53.0,Straight,,
Botany House,Botany House,44101.0,15515.0,15515,Botany House/TNT,,10.7,0.0,130 gr,8022560155152.0,0.736,0.692,0.35,53 straight,0.53,10.05,12.0,0.018,8.834,GOOD,WASHABLE,"D-s3,d2",CE,A+,53.0,Straight,,
Botany House,Botany House,44150.0,15516.0,15516,Botany House/TNT,,10.7,0.0,130 gr,8022560155169.0,0.736,0.692,0.35,53 straight,0.53,10.05,12.0,0.018,8.834,GOOD,WASHABLE,"D-s3,d2",CE,A+,53.0,Straight,,
Botany House,Botany House,44111.0,15517.0,15517,Botany House/TNT,,10.7,0.0,130 gr,8022560155176.0,0.736,0.692,0.35,53 straight,0.53,10.05,12.0,0.018,8.834,GOOD,WASHABLE,"D-s3,d2",CE,A+,53.0,Straight,,
Botany House,Botany House,44120.0,15518.0,15518,Botany House/TNT,,10.7,0.0,130 gr,8022560155183.0,0.736,0.692,0.35,53 straight,0.53,10.05,12.0,0.018,8.834,GOOD,WASHABLE,"D-s3,d2",CE,A+,53.0,Straight,,
Botany House,Botany House,44107.0,15519.0,15519,Botany House/TNT,,10.7,0.0,130 gr,8022560155190.0,0.736,0.692,0.35,53 straight,0.53,10.05,12.0,0.018,8.834,GOOD,WASHABLE,"D-s3,d2",CE,A+,53.0,Straight,,
Botany House,Botany House,44130.0,15521.0,15521,Botany House/TNT,,10.7,0.0,130 gr,8022560155213.0,0.736,0.692,0.35,60 straight,0.53,10.05,12.0,0.018,8.834,GOOD,WASHABLE,"D-s3,d2",CE,A+,60.0,Straight,,
Botany House,Botany House,44116.0,15523.0,15523,Botany House/TNT,,10.7,0.0,130 gr,8022560155237.0,0.736,0.692,0.35,60 straight,0.53,10.05,12.0,0.018,8.834,GOOD,WASHABLE,"D-s3,d2",CE,A+,60.0,Straight,,
Botany House,Botany House,44128.0,15524.0,15524,Botany House/TNT,,10.7,0.0,130 gr,8022560155244.0,0.736,0.692,0.35,60 straight,0.53,10.05,12.0,0.018,8.834,GOOD,WASHABLE,"D-s3,d2",CE,A+,60.0,Straight,,
Botany House,Botany House,44146.0,15525.0,15525,Botany House/TNT,,10.7,0.0,130 gr,8022560155251.0,0.736,0.692,0.35,60 straight,0.53,10.05,12.0,0.018,8.834,GOOD,WASHABLE,"D-s3,d2",CE,A+,60.0,Straight,,
Botany House,Botany House,44135.0,15527.0,15527,Botany House/TNT,,10.7,0.0,130 gr,8022560155275.0,0.736,0.692,0.35,53 straight,0.53,10.05,12.0,0.018,8.834,GOOD,WASHABLE,"D-s3,d2",CE,A+,53.0,Straight,,
Botany House,Botany House,44126.0,15528.0,15528,Botany House/TNT,,10.7,0.0,130 gr,8022560155282.0,0.736,0.692,0.35,53 straight,0.53,10.05,12.0,0.018,8.834,GOOD,WASHABLE,"D-s3,d2",CE,A+,53.0,Straight,,
Botany House,Botany House,44139.0,15529.0,15529,Botany House/TNT,,10.7,0.0,130 gr,8022560155299.0,0.736,0.692,0.35,53 straight,0.53,10.05,12.0,0.018,8.834,GOOD,WASHABLE,"D-s3,d2",CE,A+,53.0,Straight,,
Botany House,Botany House,44133.0,15531.0,15531,Botany House/TNT,,10.7,0.0,130 gr,8022560155312.0,0.736,0.692,0.35,53 straight,0.53,10.05,12.0,0.018,8.834,GOOD,WASHABLE,"D-s3,d2",CE,A+,53.0,Straight,,
Botany House,Botany House,44114.0,15534.0,15534,Botany House/TNT,,10.7,0.0,130 gr,8022560155343.0,0.736,0.692,0.35,53 straight,0.53,10.05,12.0,0.018,8.834,GOOD,WASHABLE,"D-s3,d2",CE,A+,53.0,Straight,,
Botany House,Botany House,44103.0,15535.0,15535,Botany House/TNT,,10.7,0.0,130 gr,8022560155350.0,0.736,0.692,0.35,53 straight,0.53,10.05,12.0,0.018,8.834,GOOD,WASHABLE,"D-s3,d2",CE,A+,53.0,Straight,,
Botany House,Botany House,44147.0,15536.0,15536,Botany House/TNT,,10.7,0.0,130 gr,8022560155367.0,0.736,0.692,0.35,53 offset,0.53,10.05,12.0,0.018,8.834,GOOD,WASHABLE,"D-s3,d2",CE,A+,53.0,Offset,,
Botany House,Botany House,44137.0,15537.0,15537,Botany House/TNT,,10.7,0.0,130 gr,8022560155374.0,0.736,0.692,0.35,53 offset,0.53,10.05,12.0,0.018,8.834,GOOD,WASHABLE,"D-s3,d2",CE,A+,53.0,Offset,,
Botany House,Botany House,44110.0,15538.0,15538,Botany House/TNT,,10.7,0.0,130 gr,8022560155381.0,0.736,0.692,0.35,53 offset,0.53,10.05,12.0,0.018,8.834,GOOD,WASHABLE,"D-s3,d2",CE,A+,53.0,Offset,,
Botany House,Botany House,44109.0,15539.0,15539,Botany House/TNT,,10.7,0.0,130 gr,8022560155398.0,0.736,0.692,0.35,53 offset,0.53,10.05,12.0,0.018,8.834,GOOD,WASHABLE,"D-s3,d2",CE,A+,53.0,Offset,,
Botany House,Botany House,44154.0,15547.0,15547,Botany House/TNT,,10.7,0.0,130 gr,8022560155473.0,0.736,0.692,0.35,64 offset,0.53,10.05,12.0,0.018,8.834,GOOD,WASHABLE,"D-s3,d2",CE,A+,64.0,Offset,,
Botany House,Botany House,44124.0,15548.0,15548,Botany House/TNT,,10.7,0.0,130 gr,8022560155480.0,0.736,0.692,0.35,64 offset,0.53,10.05,12.0,0.018,8.834,GOOD,WASHABLE,"D-s3,d2",CE,A+,64.0,Offset,,
Botany House,Botany House,44123.0,15549.0,15549,Botany House/TNT,,10.7,0.0,130 gr,8022560155497.0,0.736,0.692,0.35,64 offset,0.53,10.05,12.0,0.018,8.834,GOOD,WASHABLE,"D-s3,d2",CE,A+,64.0,Offset,,
Botany House,Botany House,44134.0,15551.0,15551,Botany House/TNT,,10.7,0.0,130 gr,8022560155510.0,0.736,0.692,0.35,53 straight,0.53,10.05,12.0,0.018,8.834,GOOD,WASHABLE,"D-s3,d2",CE,A+,53.0,Straight,,
Botany House,Botany House,44108.0,15552.0,15552,Botany House/TNT,,10.7,0.0,130 gr,8022560155527.0,0.736,0.692,0.35,53 straight,0.53,10.05,12.0,0.018,8.834,GOOD,WASHABLE,"D-s3,d2",CE,A+,53.0,Straight,,
Botany House,Botany House,44112.0,15553.0,15553,Botany House/TNT,,10.7,0.0,130 gr,8022560155534.0,0.736,0.692,0.35,53 straight,0.53,10.05,12.0,0.018,8.834,GOOD,WASHABLE,"D-s3,d2",CE,A+,53.0,Straight,,
Botany House,Botany House,44136.0,15555.0,15555,Botany House/TNT,,10.7,0.0,130 gr,8022560155558.0,0.736,0.692,0.35,53 straight,0.53,10.05,12.0,0.018,8.834,GOOD,WASHABLE,"D-s3,d2",CE,A+,53.0,Straight,,
Botany House,Botany House,44132.0,15556.0,15556,Botany House/TNT,,10.7,0.0,130 gr,8022560155565.0,0.736,0.692,0.35,53 straight,0.53,10.05,12.0,0.018,8.834,GOOD,WASHABLE,"D-s3,d2",CE,A+,53.0,Straight,,
Botany House,Botany House,44131.0,15557.0,15557,Botany House/TNT,,10.7,0.0,130 gr,8022560155572.0,0.736,0.692,0.35,53 straight,0.53,10.05,12.0,0.018,8.834,GOOD,WASHABLE,"D-s3,d2",CE,A+,53.0,Straight,,
Botany House,Botany House,44115.0,15559.0,15559,Botany House/TNT,,10.7,0.0,130 gr,8022560155596.0,0.736,0.692,0.35,53 straight,0.53,10.05,12.0,0.018,8.834,GOOD,WASHABLE,"D-s3,d2",CE,A+,53.0,Straight,,
Botany House,Botany House,44145.0,15565.0,15565,Botany House/TNT,,10.7,0.0,130 gr,8022560155657.0,0.745,0.692,0.45,32 straight,0.53,10.05,12.0,0.021,8.934,GOOD,WASHABLE,"D-s3,d2",CE,A+,32.0,Straight,,
Botany House,Botany House,44105.0,15566.0,15566,Botany House/TNT,,10.7,0.0,130 gr,8022560155664.0,0.745,0.692,0.45,32 straight,0.53,10.05,12.0,0.021,8.934,GOOD,WASHABLE,"D-s3,d2",CE,A+,32.0,Straight,,
Botany House,Botany House,44121.0,15567.0,15567,Botany House/TNT,,10.7,0.0,130 gr,8022560155671.0,0.745,0.692,0.45,32 straight,0.53,10.05,12.0,0.021,8.934,GOOD,WASHABLE,"D-s3,d2",CE,A+,32.0,Straight,,
Botany House,Botany House,44127.0,15568.0,15568,Botany House/TNT,,10.7,0.0,130 gr,8022560155688.0,0.745,0.692,0.45,32 straight,0.53,10.05,12.0,0.021,8.934,GOOD,WASHABLE,"D-s3,d2",CE,A+,32.0,Straight,,
Botany House,Botany House,44138.0,15569.0,15569,Botany House/TNT,,10.7,0.0,130 gr,8022560155695.0,0.745,0.692,0.45,32 straight,0.53,10.05,12.0,0.021,8.934,GOOD,WASHABLE,"D-s3,d2",CE,A+,32.0,Straight,,
Botany House,Botany House,44129.0,15571.0,15571,Botany House/TNT,,10.7,0.0,130 gr,8022560155718.0,0.745,0.692,0.45,"17,7 straight",0.53,10.05,12.0,0.021,8.934,GOOD,WASHABLE,"D-s3,d2",CE,A+,17.7,Straight,,
Botany House,Botany House,44143.0,15575.0,15575,Botany House/TNT,,10.7,0.0,130 gr,8022560155756.0,0.745,0.692,0.45,"17,7 straight",0.53,10.05,12.0,0.021,8.934,GOOD,WASHABLE,"D-s3,d2",CE,A+,17.7,Straight,,
Botany House,Botany House,44102.0,15576.0,15576,Botany House/TNT,,10.7,0.0,130 gr,8022560155763.0,0.745,0.692,0.45,"17,7 straight",0.53,10.05,12.0,0.021,8.934,GOOD,WASHABLE,"D-s3,d2",CE,A+,17.7,Straight,,
Botany House,Botany House,44155.0,15577.0,15577,Botany House/TNT,,10.7,0.0,130 gr,8022560155770.0,0.745,0.692,0.45,"17,7 straight",0.53,10.05,12.0,0.021,8.934,GOOD,WASHABLE,"D-s3,d2",CE,A+,17.7,Straight,,
Botany House,Botany House,44125.0,15578.0,15578,Botany House/TNT,,10.7,0.0,130 gr,8022560155787.0,0.745,0.692,0.45,"17,7 straight",0.53,10.05,12.0,0.021,8.934,GOOD,WASHABLE,"D-s3,d2",CE,A+,17.7,Straight,,
Botany House,Botany House,44149.0,15579.0,15579,Botany House/TNT,,10.7,0.0,130 gr,8022560155794.0,0.745,0.692,0.45,"17,7 straight",0.53,10.05,12.0,0.021,8.934,GOOD,WASHABLE,"D-s3,d2",CE,A+,17.7,Straight,,
Botany House,Botany House,44142.0,15580.0,15580,Botany House/TNT,,10.7,0.0,130 gr,8022560155800.0,0.745,0.692,0.45,zero,0.53,10.05,12.0,0.021,8.934,GOOD,WASHABLE,"D-s3,d2",CE,A+,0.0,,,
Botany House,Botany House,44104.0,15581.0,15581,Botany House/TNT,,10.7,0.0,130 gr,8022560155817.0,0.745,0.692,0.45,zero,0.53,10.05,12.0,0.021,8.934,GOOD,WASHABLE,"D-s3,d2",CE,A+,0.0,,,
Botany House,Botany House,44119.0,15582.0,15582,Botany House/TNT,,10.7,0.0,130 gr,8022560155824.0,0.745,0.692,0.45,zero,0.53,10.05,12.0,0.021,8.934,GOOD,WASHABLE,"D-s3,d2",CE,A+,0.0,,,
Botany House,Botany House,44119.0,15582.0,15582,Botany House/TNT,,10.7,0.0,130 gr,8022560155824.0,0.745,0.692,0.45,zero,0.53,10.05,12.0,0.021,8.934,GOOD,WASHABLE,"D-s3,d2",CE,A+,0.0,,,
Botany House,Botany House,44117.0,15583.0,15583,Botany House/TNT,,10.7,0.0,130 gr,8022560155831.0,0.745,0.692,0.45,zero,0.53,10.05,12.0,0.021,8.934,GOOD,WASHABLE,"D-s3,d2",CE,A+,0.0,,,
Botany House,Botany House,44118.0,15584.0,15584,Botany House/TNT,,10.7,0.0,130 gr,8022560155848.0,0.745,0.692,0.45,zero,0.53,10.05,12.0,0.021,8.934,GOOD,WASHABLE,"D-s3,d2",CE,A+,0.0,,,
Botany House,Botany House,44151.0,15586.0,15586,Botany House/TNT,,10.7,0.0,130 gr,8022560155862.0,0.745,0.692,0.45,zero,0.53,10.05,12.0,0.021,8.934,GOOD,WASHABLE,"D-s3,d2",CE,A+,0.0,,,
Botany House,Botany House,44153.0,15587.0,15587,Botany House/TNT,,10.7,0.0,130 gr,8022560155879.0,0.745,0.692,0.45,zero,0.53,10.05,12.0,0.021,8.934,GOOD,WASHABLE,"D-s3,d2",CE,A+,0.0,,,
Botany House,Botany House,44152.0,15588.0,15588,Botany House/TNT,,10.7,0.0,130 gr,8022560155886.0,0.745,0.692,0.45,zero,0.53,10.05,12.0,0.021,8.934,GOOD,WASHABLE,"D-s3,d2",CE,A+,0.0,,,
Botany House,Botany House,44140.0,15589.0,15589,Botany House/TNT,,10.7,0.0,130 gr,8022560155893.0,0.745,0.692,0.45,zero,0.53,10.05,12.0,0.021,8.934,GOOD,WASHABLE,"D-s3,d2",CE,A+,0.0,,,
Botany House,Botany House,44148.0,15595.0,15595,Botany House/TNT,,10.7,0.0,130 gr,8022560155954.0,0.745,0.692,0.45,zero,0.53,10.05,12.0,0.021,8.934,GOOD,WASHABLE,"D-s3,d2",CE,A+,0.0,,,
Tradizioni,Tradizioni,41315.0,33301.0,33301,PVC/TNT TRADIZIONI,,14.0,0.0,380 gr,8022560333017.0,2.099,2.024,0.723,53 offset,0.53,10.05,12.0,0.053,25.191,GOOD,WASHABLE AND SCRUBBABLE,"D-s3,d2",CE,A+,53.0,Offset,,
Tradizioni,Tradizioni,41341.0,33302.0,33302,PVC/TNT TRADIZIONI,,14.0,0.0,380 gr,8022560333024.0,2.099,2.024,0.723,53 offset,0.53,10.05,12.0,0.053,25.191,GOOD,WASHABLE AND SCRUBBABLE,"D-s3,d2",CE,A+,53.0,Offset,,
Tradizioni,Tradizioni,41328.0,33303.0,33303,PVC/TNT TRADIZIONI,,14.0,0.0,380 gr,8022560333031.0,2.099,2.024,0.723,53 offset,0.53,10.05,12.0,0.053,25.191,GOOD,WASHABLE AND SCRUBBABLE,"D-s3,d2",CE,A+,53.0,Offset,,
Tradizioni,Tradizioni,41301.0,33305.0,33305,PVC/TNT TRADIZIONI,,14.0,0.0,380 gr,8022560333055.0,2.099,2.024,0.723,53 offset,0.53,10.05,12.0,0.053,25.191,GOOD,WASHABLE AND SCRUBBABLE,"D-s3,d2",CE,A+,53.0,Offset,,
Tradizioni,Tradizioni,41319.0,33306.0,33306,PVC/TNT TRADIZIONI,,14.0,0.0,380 gr,8022560333062.0,2.099,2.024,0.723,53 offset,0.53,10.05,12.0,0.053,25.191,GOOD,WASHABLE AND SCRUBBABLE,"D-s3,d2",CE,A+,53.0,Offset,,
Tradizioni,Tradizioni,41345.0,33307.0,33307,PVC/TNT TRADIZIONI,,14.0,0.0,380 gr,8022560333079.0,2.099,2.024,0.723,53 offset,0.53,10.05,12.0,0.053,25.191,GOOD,WASHABLE AND SCRUBBABLE,"D-s3,d2",CE,A+,53.0,Offset,,
Tradizioni,Tradizioni,41332.0,33308.0,33308,PVC/TNT TRADIZIONI,,14.0,0.0,380 gr,8022560333086.0,2.099,2.024,0.723,53 offset,0.53,10.05,12.0,0.053,25.191,GOOD,WASHABLE AND SCRUBBABLE,"D-s3,d2",CE,A+,53.0,Offset,,
Tradizioni,Tradizioni,41335.0,33310.0,33310,PVC/TNT TRADIZIONI,,14.0,0.0,380 gr,8022560333109.0,2.099,2.024,0.723,53 straight,0.53,10.05,12.0,0.053,25.191,GOOD,WASHABLE AND SCRUBBABLE,"D-s3,d2",CE,A+,53.0,Straight,,
Tradizioni,Tradizioni,41318.0,33311.0,33311,PVC/TNT TRADIZIONI,,14.0,0.0,380 gr,8022560333116.0,2.099,2.024,0.723,53 straight,0.53,10.05,12.0,0.053,25.191,GOOD,WASHABLE AND SCRUBBABLE,"D-s3,d2",CE,A+,53.0,Straight,,
Tradizioni,Tradizioni,41342.0,33312.0,33312,PVC/TNT TRADIZIONI,,14.0,0.0,380 gr,8022560333123.0,2.099,2.024,0.723,53 straight,0.53,10.05,12.0,0.053,25.191,GOOD,WASHABLE AND SCRUBBABLE,"D-s3,d2",CE,A+,53.0,Straight,,
Tradizioni,Tradizioni,41308.0,33314.0,33314,PVC/TNT TRADIZIONI,,14.0,0.0,380 gr,8022560333147.0,2.099,2.024,0.723,53 straight,0.53,10.05,12.0,0.053,25.191,GOOD,WASHABLE AND SCRUBBABLE,"D-s3,d2",CE,A+,53.0,Straight,,
Tradizioni,Tradizioni,41306.0,33315.0,33315,PVC/TNT TRADIZIONI,,14.0,0.0,380 gr,8022560333154.0,2.099,2.024,0.723,53 straight,0.53,10.05,12.0,0.053,25.191,GOOD,WASHABLE AND SCRUBBABLE,"D-s3,d2",CE,A+,53.0,Straight,,
Tradizioni,Tradizioni,41329.0,33316.0,33316,PVC/TNT TRADIZIONI,,14.0,0.0,380 gr,8022560333161.0,2.099,2.024,0.723,53 straight,0.53,10.05,12.0,0.053,25.191,GOOD,WASHABLE AND SCRUBBABLE,"D-s3,d2",CE,A+,53.0,Straight,,
Tradizioni,Tradizioni,41303.0,33317.0,33317,PVC/TNT TRADIZIONI,,14.0,0.0,380 gr,8022560333178.0,2.099,2.024,0.723,53 straight,0.53,10.05,12.0,0.053,25.191,GOOD,WASHABLE AND SCRUBBABLE,"D-s3,d2",CE,A+,53.0,Straight,,
Tradizioni,Tradizioni,41336.0,33319.0,33319,PVC/TNT TRADIZIONI,,14.0,0.0,380 gr,8022560333192.0,2.099,2.024,0.723,53 straight,0.53,10.05,12.0,0.053,25.191,GOOD,WASHABLE AND SCRUBBABLE,"D-s3,d2",CE,A+,53.0,Straight,,
Tradizioni,Tradizioni,41347.0,33330.0,33330,PVC/TNT TRADIZIONI,,14.0,0.0,350 gr,8022560333307.0,1.937,1.864,0.7,28 straight,0.53,10.05,12.0,0.042,23.248,GOOD,WASHABLE AND SCRUBBABLE,"D-s3,d2",CE,A+,28.0,Straight,,
Tradizioni,Tradizioni,41349.0,33332.0,33332,PVC/TNT TRADIZIONI,,14.0,0.0,350 gr,8022560333321.0,1.937,1.864,0.7,28 straight,0.53,10.05,12.0,0.042,23.248,GOOD,WASHABLE AND SCRUBBABLE,"D-s3,d2",CE,A+,28.0,Straight,,
Tradizioni,Tradizioni,41346.0,33333.0,33333,PVC/TNT TRADIZIONI,,14.0,0.0,350 gr,8022560333338.0,1.937,1.864,0.7,28 straight,0.53,10.05,12.0,0.042,23.248,GOOD,WASHABLE AND SCRUBBABLE,"D-s3,d2",CE,A+,28.0,Straight,,
Tradizioni,Tradizioni,41331.0,33334.0,33334,PVC/TNT TRADIZIONI,,14.0,0.0,350 gr,8022560333345.0,1.937,1.864,0.7,28 straight,0.53,10.05,12.0,0.042,23.248,GOOD,WASHABLE AND SCRUBBABLE,"D-s3,d2",CE,A+,28.0,Straight,,
Tradizioni,Tradizioni,41322.0,33336.0,33336,PVC/TNT TRADIZIONI,,14.0,0.0,350 gr,8022560333369.0,1.937,1.864,0.7,28 straight,0.53,10.05,12.0,0.042,23.248,GOOD,WASHABLE AND SCRUBBABLE,"D-s3,d2",CE,A+,28.0,Straight,,
Tradizioni,Tradizioni,41313.0,33337.0,33337,PVC/TNT TRADIZIONI,,14.0,0.0,350 gr,8022560333376.0,1.937,1.864,0.7,28 straight,0.53,10.05,12.0,0.042,23.248,GOOD,WASHABLE AND SCRUBBABLE,"D-s3,d2",CE,A+,28.0,Straight,,
Tradizioni,Tradizioni,41324.0,33351.0,33351,PVC/TNT TRADIZIONI,,14.0,0.0,350 gr,8022560333512.0,1.937,1.864,0.7,53 straight,0.53,10.05,12.0,0.042,23.248,GOOD,WASHABLE AND SCRUBBABLE,"D-s3,d2",CE,A+,53.0,Straight,,
Tradizioni,Tradizioni,41305.0,33355.0,33355,PVC/TNT TRADIZIONI,,14.0,0.0,350 gr,8022560333550.0,1.937,1.864,0.7,53 straight,0.53,10.05,12.0,0.042,23.248,GOOD,WASHABLE AND SCRUBBABLE,"D-s3,d2",CE,A+,53.0,Straight,,
Tradizioni,Tradizioni,41326.0,33356.0,33356,PVC/TNT TRADIZIONI,,14.0,0.0,350 gr,8022560333567.0,1.937,1.864,0.7,53 straight,0.53,10.05,12.0,0.042,23.248,GOOD,WASHABLE AND SCRUBBABLE,"D-s3,d2",CE,A+,53.0,Straight,,
Tradizioni,Tradizioni,41302.0,33357.0,33357,PVC/TNT TRADIZIONI,,14.0,0.0,350 gr,8022560333574.0,1.937,1.864,0.7,53 straight,0.53,10.05,12.0,0.042,23.248,GOOD,WASHABLE AND SCRUBBABLE,"D-s3,d2",CE,A+,53.0,Straight,,
Tradizioni,Tradizioni,41333.0,33358.0,33358,PVC/TNT TRADIZIONI,,14.0,0.0,350 gr,8022560333581.0,1.937,1.864,0.7,53 straight,0.53,10.05,12.0,0.042,23.248,GOOD,WASHABLE AND SCRUBBABLE,"D-s3,d2",CE,A+,53.0,Straight,,
Tradizioni,Tradizioni,41309.0,33363.0,33363,PVC/TNT TRADIZIONI,,14.0,0.0,350 gr,8022560333635.0,1.937,1.864,0.7,zero,0.53,10.05,12.0,0.042,23.248,GOOD,WASHABLE AND SCRUBBABLE,"D-s3,d2",CE,A+,0.0,,,
Tradizioni,Tradizioni,41310.0,33364.0,33364,PVC/TNT TRADIZIONI,,14.0,0.0,350 gr,8022560333642.0,1.937,1.864,0.7,zero,0.53,10.05,12.0,0.042,23.248,GOOD,WASHABLE AND SCRUBBABLE,"D-s3,d2",CE,A+,0.0,,,
Tradizioni,Tradizioni,41337.0,33365.0,33365,PVC/TNT TRADIZIONI,,14.0,0.0,350 gr,8022560333659.0,1.937,1.864,0.7,zero,0.53,10.05,12.0,0.042,23.248,GOOD,WASHABLE AND SCRUBBABLE,"D-s3,d2",CE,A+,0.0,,,
Tradizioni,Tradizioni,41314.0,33366.0,33366,PVC/TNT TRADIZIONI,,14.0,0.0,350 gr,8022560333666.0,1.937,1.864,0.7,zero,0.53,10.05,12.0,0.042,23.248,GOOD,WASHABLE AND SCRUBBABLE,"D-s3,d2",CE,A+,0.0,,,
Tradizioni,Tradizioni,41311.0,33367.0,33367,PVC/TNT TRADIZIONI,,14.0,0.0,350 gr,8022560333673.0,1.937,1.864,0.7,zero,0.53,10.05,12.0,0.042,23.248,GOOD,WASHABLE AND SCRUBBABLE,"D-s3,d2",CE,A+,0.0,,,
Tradizioni,Tradizioni,41330.0,33369.0,33369,PVC/TNT TRADIZIONI,,14.0,0.0,350 gr,8022560333697.0,1.937,1.864,0.7,zero,0.53,10.05,12.0,0.042,23.248,GOOD,WASHABLE AND SCRUBBABLE,"D-s3,d2",CE,A+,0.0,,,
Tradizioni,Tradizioni,41321.0,33371.0,33371,PVC/TNT TRADIZIONI,,14.0,0.0,350 gr,8022560333710.0,1.937,1.864,0.7,zero,0.53,10.05,12.0,0.042,23.248,GOOD,WASHABLE AND SCRUBBABLE,"D-s3,d2",CE,A+,0.0,,,
Tradizioni,Tradizioni,41339.0,33372.0,33372,PVC/TNT TRADIZIONI,,14.0,0.0,350 gr,8022560333727.0,1.937,1.864,0.7,zero,0.53,10.05,12.0,0.042,23.248,GOOD,WASHABLE AND SCRUBBABLE,"D-s3,d2",CE,A+,0.0,,,
Tradizioni,Tradizioni,41317.0,33373.0,33373,PVC/TNT TRADIZIONI,,14.0,0.0,350 gr,8022560333734.0,1.937,1.864,0.7,zero,0.53,10.05,12.0,0.042,23.248,GOOD,WASHABLE AND SCRUBBABLE,"D-s3,d2",CE,A+,0.0,,,
Tradizioni,Tradizioni,41325.0,33374.0,33374,PVC/TNT TRADIZIONI,,14.0,0.0,350 gr,8022560333741.0,1.937,1.864,0.7,zero,0.53,10.05,12.0,0.042,23.248,GOOD,WASHABLE AND SCRUBBABLE,"D-s3,d2",CE,A+,0.0,,,
Tradizioni,Tradizioni,41340.0,33375.0,33375,PVC/TNT TRADIZIONI,,14.0,0.0,350 gr,8022560333758.0,1.937,1.864,0.7,zero,0.53,10.05,12.0,0.042,23.248,GOOD,WASHABLE AND SCRUBBABLE,"D-s3,d2",CE,A+,0.0,,,
Tradizioni,Tradizioni,41348.0,33380.0,33380,PVC/TNT TRADIZIONI,,14.0,0.0,350 gr,8022560333802.0,1.937,1.864,0.7,zero/53 straight,0.53,10.05,12.0,0.042,23.248,GOOD,WASHABLE AND SCRUBBABLE,"D-s3,d2",CE,A+,0.0,,53.0,Straight
Tradizioni,Tradizioni,41323.0,33381.0,33381,PVC/TNT TRADIZIONI,,14.0,0.0,350 gr,8022560333819.0,1.937,1.864,0.7,zero/53 straight,0.53,10.05,12.0,0.042,23.248,GOOD,WASHABLE AND SCRUBBABLE,"D-s3,d2",CE,A+,0.0,,53.0,Straight
Tradizioni,Tradizioni,41344.0,33382.0,33382,PVC/TNT TRADIZIONI,,14.0,0.0,350 gr,8022560333826.0,1.937,1.864,0.7,zero/53 straight,0.53,10.05,12.0,0.042,23.248,GOOD,WASHABLE AND SCRUBBABLE,"D-s3,d2",CE,A+,0.0,,53.0,Straight
Tradizioni,Tradizioni,41316.0,33383.0,33383,PVC/TNT TRADIZIONI,,14.0,0.0,350 gr,8022560333833.0,1.937,1.864,0.7,zero/53 straight,0.53,10.05,12.0,0.042,23.248,GOOD,WASHABLE AND SCRUBBABLE,"D-s3,d2",CE,A+,0.0,,53.0,Straight
Tradizioni,Tradizioni,41334.0,33384.0,33384,PVC/TNT TRADIZIONI,,14.0,0.0,350 gr,8022560333840.0,1.937,1.864,0.7,zero/53 straight,0.53,10.05,12.0,0.042,23.248,GOOD,WASHABLE AND SCRUBBABLE,"D-s3,d2",CE,A+,0.0,,53.0,Straight
Tradizioni,Tradizioni,41320.0,33386.0,33386,PVC/TNT TRADIZIONI,,14.0,0.0,350 gr,8022560333864.0,1.937,1.864,0.7,zero/53 straight,0.53,10.05,12.0,0.042,23.248,GOOD,WASHABLE AND SCRUBBABLE,"D-s3,d2",CE,A+,0.0,,53.0,Straight
Tradizioni,Tradizioni,41343.0,33387.0,33387,PVC/TNT TRADIZIONI,,14.0,0.0,350 gr,8022560333871.0,1.937,1.864,0.7,zero/53 straight,0.53,10.05,12.0,0.042,23.248,GOOD,WASHABLE AND SCRUBBABLE,"D-s3,d2",CE,A+,0.0,,53.0,Straight
Tradizioni,Tradizioni,41338.0,33392.0,33392,PVC/TNT TRADIZIONI,,14.0,0.0,350 gr,8022560333925.0,1.937,1.864,0.7,zero/53 straight,0.53,10.05,12.0,0.042,23.248,GOOD,WASHABLE AND SCRUBBABLE,"D-s3,d2",CE,A+,0.0,,53.0,Straight
Tradizioni,Tradizioni,41312.0,33393.0,33393,PVC/TNT TRADIZIONI,12.0,14.0,168.0,350 gr,8022560333932.0,1.937,1.864,0.7,zero/53 straight,0.53,10.05,12.0,0.042,23.248,GOOD,WASHABLE AND SCRUBBABLE,"D-s3,d2",CE,A+,0.0,,53.0,Straight
Tradizioni,Tradizioni,41304.0,33394.0,33394,PVC/TNT TRADIZIONI,,14.0,0.0,350 gr,8022560333949.0,1.937,1.864,0.7,zero/53 straight,0.53,10.05,12.0,0.042,23.248,GOOD,WASHABLE AND SCRUBBABLE,"D-s3,d2",CE,A+,0.0,,53.0,Straight
Tradizioni,Tradizioni,41307.0,33395.0,33395,PVC/TNT TRADIZIONI,,14.0,0.0,350 gr,8022560333956.0,1.937,1.864,0.7,zero/53 straight,0.53,10.05,12.0,0.042,23.248,GOOD,WASHABLE AND SCRUBBABLE,"D-s3,d2",CE,A+,0.0,,53.0,Straight
Tradizioni,Tradizioni,41327.0,33396.0,33396,PVC/TNT TRADIZIONI,,14.0,0.0,350 gr,8022560333963.0,1.937,1.864,0.7,zero/53 straight,0.53,10.05,12.0,0.042,23.248,GOOD,WASHABLE AND SCRUBBABLE,"D-s3,d2",CE,A+,0.0,,53.0,Straight
Thai,Thai,41235.0,26400.0,26400,PVC/TNT THAI,,14.0,0.0,330 gr,8022560264007.0,1.83,1.757,0.7,53 straight,0.53,10.05,12.0,0.042,21.964,GOOD,WASHABLE AND SCRUBBABLE,"D-s3,d2",CE,A+,53.0,Straight,,
Thai,Thai,41240.0,26401.0,26401,PVC/TNT THAI,,14.0,0.0,330 gr,8022560264014.0,1.83,1.757,0.7,53 straight,0.53,10.05,12.0,0.042,21.964,GOOD,WASHABLE AND SCRUBBABLE,"D-s3,d2",CE,A+,53.0,Straight,,
Thai,Thai,41208.0,26403.0,26403,PVC/TNT THAI,,14.0,0.0,330 gr,8022560264038.0,1.83,1.757,0.7,53 straight,0.53,10.05,12.0,0.042,21.964,GOOD,WASHABLE AND SCRUBBABLE,"D-s3,d2",CE,A+,53.0,Straight,,
Thai,Thai,41241.0,26405.0,26405,PVC/TNT THAI,,14.0,0.0,330 gr,8022560264052.0,1.83,1.757,0.7,53 straight,0.53,10.05,12.0,0.042,21.964,GOOD,WASHABLE AND SCRUBBABLE,"D-s3,d2",CE,A+,53.0,Straight,,
Thai,Thai,41246.0,26407.0,26407,PVC/TNT THAI,,14.0,0.0,330 gr,8022560264076.0,1.83,1.757,0.7,53 straight,0.53,10.05,12.0,0.042,21.964,GOOD,WASHABLE AND SCRUBBABLE,"D-s3,d2",CE,A+,53.0,Straight,,
Thai,Thai,41201.0,26408.0,26408,PVC/TNT THAI,,14.0,0.0,330 gr,8022560264083.0,1.83,1.757,0.7,53 straight,0.53,10.05,12.0,0.042,21.964,GOOD,WASHABLE AND SCRUBBABLE,"D-s3,d2",CE,A+,53.0,Straight,,
Thai,Thai,41226.0,26409.0,26409,PVC/TNT THAI,,14.0,0.0,330 gr,8022560264090.0,1.83,1.757,0.7,53 straight,0.53,10.05,12.0,0.042,21.964,GOOD,WASHABLE AND SCRUBBABLE,"D-s3,d2",CE,A+,53.0,Straight,,
Thai,Thai,41232.0,26410.0,26410,PVC/TNT THAI,,14.0,0.0,330 gr,8022560264106.0,2.099,2.024,0.723,53 offset,0.53,10.05,12.0,0.053,25.191,GOOD,WASHABLE AND SCRUBBABLE,"D-s3,d2",CE,A+,53.0,Offset,,
Thai,Thai,41207.0,26413.0,26413,PVC/TNT THAI,,14.0,0.0,380 gr,8022560264137.0,2.099,2.024,0.723,53 offset,0.53,10.05,12.0,0.053,25.191,GOOD,WASHABLE AND SCRUBBABLE,"D-s3,d2",CE,A+,53.0,Offset,,
Thai,Thai,41244.0,26415.0,26415,PVC/TNT THAI,,14.0,0.0,380 gr,8022560264151.0,2.099,2.024,0.723,53 offset,0.53,10.05,12.0,0.053,25.191,GOOD,WASHABLE AND SCRUBBABLE,"D-s3,d2",CE,A+,53.0,Offset,,
Thai,Thai,41220.0,26416.0,26416,PVC/TNT THAI,,14.0,0.0,380 gr,8022560264168.0,2.099,2.024,0.723,53 offset,0.53,10.05,12.0,0.053,25.191,GOOD,WASHABLE AND SCRUBBABLE,"D-s3,d2",CE,A+,53.0,Offset,,
Thai,Thai,41213.0,26417.0,26417,PVC/TNT THAI,,14.0,0.0,380 gr,8022560264175.0,2.099,2.024,0.723,53 offset,0.53,10.05,12.0,0.053,25.191,GOOD,WASHABLE AND SCRUBBABLE,"D-s3,d2",CE,A+,53.0,Offset,,
Thai,Thai,41239.0,26419.0,26419,PVC/TNT THAI,,14.0,0.0,380 gr,8022560264199.0,2.099,2.024,0.723,53 offset,0.53,10.05,12.0,0.053,25.191,GOOD,WASHABLE AND SCRUBBABLE,"D-s3,d2",CE,A+,53.0,Offset,,
Thai,Thai,41237.0,26421.0,26421,PVC/TNT THAI,,14.0,0.0,380 gr,8022560264212.0,2.099,2.024,0.723,53 straight,0.53,10.05,12.0,0.053,25.191,GOOD,WASHABLE AND SCRUBBABLE,"D-s3,d2",CE,A+,53.0,Straight,,
Thai,Thai,41243.0,26425.0,26425,PVC/TNT THAI,,14.0,0.0,380 gr,8022560264250.0,2.099,2.024,0.723,53 straight,0.53,10.05,12.0,0.053,25.191,GOOD,WASHABLE AND SCRUBBABLE,"D-s3,d2",CE,A+,53.0,Straight,,
Thai,Thai,41218.0,26426.0,26426,PVC/TNT THAI,,14.0,0.0,380 gr,8022560264267.0,2.099,2.024,0.723,53 straight,0.53,10.05,12.0,0.053,25.191,GOOD,WASHABLE AND SCRUBBABLE,"D-s3,d2",CE,A+,53.0,Straight,,
Thai,Thai,41225.0,26427.0,26427,PVC/TNT THAI,,14.0,0.0,380 gr,8022560264274.0,2.099,2.024,0.723,53 straight,0.53,10.05,12.0,0.053,25.191,GOOD,WASHABLE AND SCRUBBABLE,"D-s3,d2",CE,A+,53.0,Straight,,
Thai,Thai,41230.0,26433.0,26433,PVC/TNT THAI,,14.0,0.0,330 gr,8022560264335.0,1.83,1.757,0.7,64 offset,0.53,10.05,12.0,0.042,21.964,GOOD,WASHABLE AND SCRUBBABLE,"D-s3,d2",CE,A+,64.0,Offset,,
Thai,Thai,41217.0,26436.0,26436,PVC/TNT THAI,,14.0,0.0,330 gr,8022560264366.0,1.83,1.757,0.7,64 offset,0.53,10.05,12.0,0.042,21.964,GOOD,WASHABLE AND SCRUBBABLE,"D-s3,d2",CE,A+,64.0,Offset,,
Thai,Thai,41223.0,26437.0,26437,PVC/TNT THAI,,14.0,0.0,330 gr,8022560264373.0,1.83,1.757,0.7,64 offset,0.53,10.05,12.0,0.042,21.964,GOOD,WASHABLE AND SCRUBBABLE,"D-s3,d2",CE,A+,64.0,Offset,,
Thai,Thai,41202.0,26438.0,26438,PVC/TNT THAI,,14.0,0.0,330 gr,8022560264380.0,1.83,1.757,0.7,64 offset,0.53,10.05,12.0,0.042,21.964,GOOD,WASHABLE AND SCRUBBABLE,"D-s3,d2",CE,A+,64.0,Offset,,
Thai,Thai,41212.0,26453.0,26453,PVC/TNT THAI,,14.0,0.0,380 gr,8022560264533.0,2.099,2.024,0.723,zero,0.53,10.05,12.0,0.053,25.191,GOOD,WASHABLE AND SCRUBBABLE,"D-s3,d2",CE,A+,0.0,,,
Thai,Thai,41214.0,26456.0,26456,PVC/TNT THAI,,14.0,0.0,380 gr,8022560264564.0,2.099,2.024,0.723,zero,0.53,10.05,12.0,0.053,25.191,GOOD,WASHABLE AND SCRUBBABLE,"D-s3,d2",CE,A+,0.0,,,
Thai,Thai,41236.0,26459.0,26459,PVC/TNT THAI,,14.0,0.0,380 gr,8022560264595.0,2.099,2.024,0.723,zero,0.53,10.05,12.0,0.053,25.191,GOOD,WASHABLE AND SCRUBBABLE,"D-s3,d2",CE,A+,0.0,,,
Thai,Thai,41219.0,26461.0,26461,PVC/TNT THAI,,14.0,0.0,380 gr,8022560264618.0,2.099,2.024,0.723,53 straight,0.53,10.05,12.0,0.053,25.191,GOOD,WASHABLE AND SCRUBBABLE,"D-s3,d2",CE,A+,53.0,Straight,,
Thai,Thai,41211.0,26463.0,26463,PVC/TNT THAI,,14.0,0.0,380 gr,8022560264632.0,2.099,2.024,0.723,53 straight,0.53,10.05,12.0,0.053,25.191,GOOD,WASHABLE AND SCRUBBABLE,"D-s3,d2",CE,A+,53.0,Straight,,
Thai,Thai,41227.0,26464.0,26464,PVC/TNT THAI,,14.0,0.0,380 gr,8022560264649.0,2.099,2.024,0.723,53 straight,0.53,10.05,12.0,0.053,25.191,GOOD,WASHABLE AND SCRUBBABLE,"D-s3,d2",CE,A+,53.0,Straight,,
Thai,Thai,41206.0,26465.0,26465,PVC/TNT THAI,,14.0,0.0,380 gr,8022560264656.0,2.099,2.024,0.723,53 straight,0.53,10.05,12.0,0.053,25.191,GOOD,WASHABLE AND SCRUBBABLE,"D-s3,d2",CE,A+,53.0,Straight,,
Thai,Thai,41222.0,26466.0,26466,PVC/TNT THAI,,14.0,0.0,380 gr,8022560264663.0,2.099,2.024,0.723,53 straight,0.53,10.05,12.0,0.053,25.191,GOOD,WASHABLE AND SCRUBBABLE,"D-s3,d2",CE,A+,53.0,Straight,,
Thai,Thai,41245.0,26467.0,26467,PVC/TNT THAI,,14.0,0.0,380 gr,8022560264670.0,2.099,2.024,0.723,53 straight,0.53,10.05,12.0,0.053,25.191,GOOD,WASHABLE AND SCRUBBABLE,"D-s3,d2",CE,A+,53.0,Straight,,
Thai,Thai,41204.0,26468.0,26468,PVC/TNT THAI,,14.0,0.0,380 gr,8022560264687.0,2.099,2.024,0.723,53 straight,0.53,10.05,12.0,0.053,25.191,GOOD,WASHABLE AND SCRUBBABLE,"D-s3,d2",CE,A+,53.0,Straight,,
Thai,Thai,41216.0,26469.0,26469,PVC/TNT THAI,,14.0,0.0,380 gr,8022560264694.0,2.099,2.024,0.723,53 straight,0.53,10.05,12.0,0.053,25.191,GOOD,WASHABLE AND SCRUBBABLE,"D-s3,d2",CE,A+,53.0,Straight,,
Thai,Thai,41231.0,26471.0,26471,PVC/TNT THAI,,14.0,0.0,380 gr,8022560264717.0,2.099,2.024,0.723,zero,0.53,10.05,12.0,0.053,25.191,GOOD,WASHABLE AND SCRUBBABLE,"D-s3,d2",CE,A+,0.0,,,
Thai,Thai,41215.0,26472.0,26472,PVC/TNT THAI,,14.0,0.0,380 gr,8022560264724.0,2.099,2.024,0.723,zero,0.53,10.05,12.0,0.053,25.191,GOOD,WASHABLE AND SCRUBBABLE,"D-s3,d2",CE,A+,0.0,,,
Thai,Thai,41205.0,26473.0,26473,PVC/TNT THAI,,14.0,0.0,380 gr,8022560264731.0,2.099,2.024,0.723,zero,0.53,10.05,12.0,0.053,25.191,GOOD,WASHABLE AND SCRUBBABLE,"D-s3,d2",CE,A+,0.0,,,
Thai,Thai,41242.0,26475.0,26475,PVC/TNT THAI,,14.0,0.0,380 gr,8022560264755.0,2.099,2.024,0.723,zero,0.53,10.05,12.0,0.053,25.191,GOOD,WASHABLE AND SCRUBBABLE,"D-s3,d2",CE,A+,0.0,,,
Thai,Thai,41221.0,26476.0,26476,PVC/TNT THAI,,14.0,0.0,380 gr,8022560264762.0,2.099,2.024,0.723,zero,0.53,10.05,12.0,0.053,25.191,GOOD,WASHABLE AND SCRUBBABLE,"D-s3,d2",CE,A+,0.0,,,
Thai,Thai,41234.0,26478.0,26478,PVC/TNT THAI,,14.0,0.0,380 gr,8022560264786.0,2.099,2.024,0.723,zero,0.53,10.05,12.0,0.053,25.191,GOOD,WASHABLE AND SCRUBBABLE,"D-s3,d2",CE,A+,0.0,,,
Thai,Thai,41233.0,26480.0,26480,PVC/TNT THAI,,14.0,0.0,380 gr,8022560264809.0,2.099,2.024,0.723,zero,0.53,10.05,12.0,0.053,25.191,GOOD,WASHABLE AND SCRUBBABLE,"D-s3,d2",CE,A+,0.0,,,
Thai,Thai,41238.0,26481.0,26481,PVC/TNT THAI,,14.0,0.0,380 gr,8022560264816.0,2.099,2.024,0.723,zero,0.53,10.05,12.0,0.053,25.191,GOOD,WASHABLE AND SCRUBBABLE,"D-s3,d2",CE,A+,0.0,,,
Thai,Thai,41209.0,26482.0,26482,PVC/TNT THAI,,14.0,0.0,380 gr,8022560264823.0,2.099,2.024,0.723,zero,0.53,10.05,12.0,0.053,25.191,GOOD,WASHABLE AND SCRUBBABLE,"D-s3,d2",CE,A+,0.0,,,
Thai,Thai,41228.0,26484.0,26484,PVC/TNT THAI,,14.0,0.0,380 gr,8022560264847.0,2.099,2.024,0.723,zero,0.53,10.05,12.0,0.053,25.191,GOOD,WASHABLE AND SCRUBBABLE,"D-s3,d2",CE,A+,0.0,,,
Thai,Thai,41203.0,26485.0,26485,PVC/TNT THAI,,14.0,0.0,380 gr,8022560264854.0,2.099,2.024,0.723,zero,0.53,10.05,12.0,0.053,25.191,GOOD,WASHABLE AND SCRUBBABLE,"D-s3,d2",CE,A+,0.0,,,
Thai,Thai,41224.0,26487.0,26487,PVC/TNT THAI,,14.0,0.0,380 gr,8022560264878.0,2.099,2.024,0.723,zero,0.53,10.05,12.0,0.053,25.191,GOOD,WASHABLE AND SCRUBBABLE,"D-s3,d2",CE,A+,0.0,,,
Thai,Thai,41229.0,26488.0,26488,PVC/TNT THAI,,14.0,0.0,380 gr,8022560264885.0,2.099,2.024,0.723,zero,0.53,10.05,12.0,0.053,25.191,GOOD,WASHABLE AND SCRUBBABLE,"D-s3,d2",CE,A+,0.0,,,
Thai,Thai,41210.0,26489.0,26489,PVC/TNT THAI,,14.0,0.0,380 gr,8022560264892.0,2.099,2.024,0.723,zero,0.53,10.05,12.0,0.053,25.191,GOOD,WASHABLE AND SCRUBBABLE,"D-s3,d2",CE,A+,0.0,,,
Energie,Energie,41109.0,30101.0,30101,PVC/TNT ENERGIE,,13.0,0.0,260gr,8022560301016.0,1.455,1.385,0.66,53 straight,0.53,10.05,12.0,0.036,17.46,GOOD,WASHABLE AND SCRUBBABLE,"D-s3,d2",CE,A+,53.0,Straight,,
Energie,Energie,41103.0,30103.0,30103,PVC/TNT ENERGIE,,13.0,0.0,260gr,8022560301030.0,1.455,1.385,0.66,53 straight,0.53,10.05,12.0,0.036,17.46,GOOD,WASHABLE AND SCRUBBABLE,"D-s3,d2",CE,A+,53.0,Straight,,
Energie,Energie,41120.0,30105.0,30105,PVC/TNT ENERGIE,,13.0,0.0,260gr,8022560301054.0,1.455,1.385,0.66,53 straight,0.53,10.05,12.0,0.036,17.46,GOOD,WASHABLE AND SCRUBBABLE,"D-s3,d2",CE,A+,53.0,Straight,,
Energie,Energie,41101.0,30106.0,30106,PVC/TNT ENERGIE,,13.0,0.0,260gr,8022560301061.0,1.455,1.385,0.66,53 straight,0.53,10.05,12.0,0.036,17.46,GOOD,WASHABLE AND SCRUBBABLE,"D-s3,d2",CE,A+,53.0,Straight,,
Energie,Energie,41106.0,30107.0,30107,PVC/TNT ENERGIE,,13.0,0.0,260gr,8022560301078.0,1.455,1.385,0.66,53 straight,0.53,10.05,12.0,0.036,17.46,GOOD,WASHABLE AND SCRUBBABLE,"D-s3,d2",CE,A+,53.0,Straight,,
Energie,Energie,41134.0,30114.0,30114,PVC/TNT ENERGIE,,13.0,0.0,260gr,8022560301146.0,1.455,1.385,0.66,53 straight,0.53,10.05,12.0,0.036,17.46,GOOD,WASHABLE AND SCRUBBABLE,"D-s3,d2",CE,A+,53.0,Straight,,
Energie,Energie,41137.0,30115.0,30115,PVC/TNT ENERGIE,,13.0,0.0,260gr,8022560301153.0,1.455,1.385,0.66,53 straight,0.53,10.05,12.0,0.036,17.46,GOOD,WASHABLE AND SCRUBBABLE,"D-s3,d2",CE,A+,53.0,Straight,,
Energie,Energie,41131.0,30116.0,30116,PVC/TNT ENERGIE,,13.0,0.0,260gr,8022560301160.0,1.455,1.385,0.66,53 straight,0.53,10.05,12.0,0.036,17.46,GOOD,WASHABLE AND SCRUBBABLE,"D-s3,d2",CE,A+,53.0,Straight,,
Energie,Energie,41139.0,30117.0,30117,PVC/TNT ENERGIE,,13.0,0.0,260gr,8022560301177.0,1.455,1.385,0.66,53 straight,0.53,10.05,12.0,0.036,17.46,GOOD,WASHABLE AND SCRUBBABLE,"D-s3,d2",CE,A+,53.0,Straight,,
Energie,Energie,41127.0,30126.0,30126,PVC/TNT ENERGIE,,13.0,0.0,260gr,8022560301269.0,1.455,1.385,0.66,53 offset,0.53,10.05,12.0,0.036,17.46,GOOD,WASHABLE AND SCRUBBABLE,"D-s3,d2",CE,A+,53.0,Offset,,
Energie,Energie,41115.0,30128.0,30128,PVC/TNT ENERGIE,,13.0,0.0,260gr,8022560301283.0,1.455,1.385,0.66,53 offset,0.53,10.05,12.0,0.036,17.46,GOOD,WASHABLE AND SCRUBBABLE,"D-s3,d2",CE,A+,53.0,Offset,,
Energie,Energie,41125.0,30129.0,30129,PVC/TNT ENERGIE,,13.0,0.0,260gr,8022560301290.0,1.455,1.385,0.66,53 offset,0.53,10.05,12.0,0.036,17.46,GOOD,WASHABLE AND SCRUBBABLE,"D-s3,d2",CE,A+,53.0,Offset,,
Energie,Energie,41105.0,30136.0,30136,PVC/TNT ENERGIE,,13.0,0.0,260gr,8022560301368.0,1.455,1.385,0.66,zero,0.53,10.05,12.0,0.036,17.46,GOOD,WASHABLE AND SCRUBBABLE,"D-s3,d2",CE,A+,0.0,,,
Energie,Energie,41119.0,30137.0,30137,PVC/TNT ENERGIE,,13.0,0.0,260gr,8022560301375.0,1.455,1.385,0.66,zero,0.53,10.05,12.0,0.036,17.46,GOOD,WASHABLE AND SCRUBBABLE,"D-s3,d2",CE,A+,0.0,,,
Energie,Energie,41133.0,30138.0,30138,PVC/TNT ENERGIE,,13.0,0.0,260gr,8022560301382.0,1.455,1.385,0.66,zero,0.53,10.05,12.0,0.036,17.46,GOOD,WASHABLE AND SCRUBBABLE,"D-s3,d2",CE,A+,0.0,,,
Energie,Energie,41110.0,30139.0,30139,PVC/TNT ENERGIE,,13.0,0.0,260gr,8022560301399.0,1.455,1.385,0.66,zero,0.53,10.05,12.0,0.036,17.46,GOOD,WASHABLE AND SCRUBBABLE,"D-s3,d2",CE,A+,0.0,,,
Energie,Energie,41117.0,30143.0,30143,PVC/TNT ENERGIE,,13.0,0.0,260gr,8022560301436.0,1.455,1.385,0.66,53 offset,0.53,10.05,12.0,0.036,17.46,GOOD,WASHABLE AND SCRUBBABLE,"D-s3,d2",CE,A+,53.0,Offset,,
Energie,Energie,41129.0,30144.0,30144,PVC/TNT ENERGIE,,13.0,0.0,260gr,8022560301443.0,1.455,1.385,0.66,53 offset,0.53,10.05,12.0,0.036,17.46,GOOD,WASHABLE AND SCRUBBABLE,"D-s3,d2",CE,A+,53.0,Offset,,
Energie,Energie,41124.0,30145.0,30145,PVC/TNT ENERGIE,,13.0,0.0,260gr,8022560301450.0,1.455,1.385,0.66,53 offset,0.53,10.05,12.0,0.036,17.46,GOOD,WASHABLE AND SCRUBBABLE,"D-s3,d2",CE,A+,53.0,Offset,,
Energie,Energie,41128.0,30146.0,30146,PVC/TNT ENERGIE,,13.0,0.0,260gr,8022560301467.0,1.455,1.385,0.66,53 straight,0.53,10.05,12.0,0.036,17.46,GOOD,WASHABLE AND SCRUBBABLE,"D-s3,d2",CE,A+,53.0,Straight,,
Energie,Energie,41126.0,30147.0,30147,PVC/TNT ENERGIE,,13.0,0.0,260gr,8022560301474.0,1.455,1.385,0.66,53 straight,0.53,10.05,12.0,0.036,17.46,GOOD,WASHABLE AND SCRUBBABLE,"D-s3,d2",CE,A+,53.0,Straight,,
Energie,Energie,41116.0,30148.0,30148,PVC/TNT ENERGIE,,13.0,0.0,260gr,8022560301481.0,1.455,1.385,0.66,53 straight,0.53,10.05,12.0,0.036,17.46,GOOD,WASHABLE AND SCRUBBABLE,"D-s3,d2",CE,A+,53.0,Straight,,
Energie,Energie,41114.0,30149.0,30149,PVC/TNT ENERGIE,,13.0,0.0,260gr,8022560301498.0,1.455,1.385,0.66,53 straight,0.53,10.05,12.0,0.036,17.46,GOOD,WASHABLE AND SCRUBBABLE,"D-s3,d2",CE,A+,53.0,Straight,,
Energie,Energie,41104.0,30153.0,30153,PVC/TNT ENERGIE,,13.0,0.0,260gr,8022560301535.0,1.455,1.385,0.66,"26,5 straight",0.53,10.05,12.0,0.036,17.46,GOOD,WASHABLE AND SCRUBBABLE,"D-s3,d2",CE,A+,26.5,Straight,,
Energie,Energie,41132.0,30154.0,30154,PVC/TNT ENERGIE,,13.0,0.0,260gr,8022560301542.0,1.455,1.385,0.66,"26,5 straight",0.53,10.05,12.0,0.036,17.46,GOOD,WASHABLE AND SCRUBBABLE,"D-s3,d2",CE,A+,26.5,Straight,,
Energie,Energie,41107.0,30155.0,30155,PVC/TNT ENERGIE,,13.0,0.0,260gr,8022560301559.0,1.455,1.385,0.66,"26,5 straight",0.53,10.05,12.0,0.036,17.46,GOOD,WASHABLE AND SCRUBBABLE,"D-s3,d2",CE,A+,26.5,Straight,,
Energie,Energie,41102.0,30156.0,30156,PVC/TNT ENERGIE,,13.0,0.0,260gr,8022560301566.0,1.455,1.385,0.66,"26,5 straight",0.53,10.05,12.0,0.036,17.46,GOOD,WASHABLE AND SCRUBBABLE,"D-s3,d2",CE,A+,26.5,Straight,,
Energie,Energie,41130.0,30158.0,30158,PVC/TNT ENERGIE,,13.0,0.0,260gr,8022560301580.0,1.455,1.385,0.66,"26,5 straight",0.53,10.05,12.0,0.036,17.46,GOOD,WASHABLE AND SCRUBBABLE,"D-s3,d2",CE,A+,26.5,Straight,,
Energie,Energie,41108.0,30159.0,30159,PVC/TNT ENERGIE,,13.0,0.0,260gr,8022560301597.0,1.455,1.385,0.66,"26,5 straight",0.53,10.05,12.0,0.036,17.46,GOOD,WASHABLE AND SCRUBBABLE,"D-s3,d2",CE,A+,26.5,Straight,,
Energie,Energie,41113.0,30161.0,30161,PVC/TNT ENERGIE,,13.0,0.0,260gr,8022560301610.0,1.455,1.385,0.66,"6,6 straight",0.53,10.05,12.0,0.036,17.46,GOOD,WASHABLE AND SCRUBBABLE,"D-s3,d2",CE,A+,6.6,Straight,,
Energie,Energie,41112.0,30167.0,30167,PVC/TNT ENERGIE,,13.0,0.0,260gr,8022560301672.0,1.455,1.385,0.66,"6,6 straight",0.53,10.05,12.0,0.036,17.46,GOOD,WASHABLE AND SCRUBBABLE,"D-s3,d2",CE,A+,6.6,Straight,,
Energie,Energie,41111.0,30169.0,30169,PVC/TNT ENERGIE,,13.0,0.0,260gr,8022560301696.0,1.455,1.385,0.66,"6,6 straight",0.53,10.05,12.0,0.036,17.46,GOOD,WASHABLE AND SCRUBBABLE,"D-s3,d2",CE,A+,6.6,Straight,,
Energie,Energie,41136.0,30172.0,30172,PVC/TNT ENERGIE,,13.0,0.0,260gr,8022560301726.0,1.455,1.385,0.66,"6,6 straight",0.53,10.05,12.0,0.036,17.46,GOOD,WASHABLE AND SCRUBBABLE,"D-s3,d2",CE,A+,6.6,Straight,,
Energie,Energie,41135.0,30173.0,30173,PVC/TNT ENERGIE,,13.0,0.0,260gr,8022560301733.0,1.455,1.385,0.66,"6,6 straight",0.53,10.05,12.0,0.036,17.46,GOOD,WASHABLE AND SCRUBBABLE,"D-s3,d2",CE,A+,6.6,Straight,,
Energie,Energie,41138.0,30175.0,30175,PVC/TNT ENERGIE,,13.0,0.0,260gr,8022560301757.0,1.455,1.385,0.66,"6,6 straight",0.53,10.05,12.0,0.036,17.46,GOOD,WASHABLE AND SCRUBBABLE,"D-s3,d2",CE,A+,6.6,Straight,,
Energie,Energie,41121.0,30176.0,30176,PVC/TNT ENERGIE,,13.0,0.0,260gr,8022560301764.0,1.455,1.385,0.66,"7,7 straight",0.53,10.05,12.0,0.036,17.46,GOOD,WASHABLE AND SCRUBBABLE,"D-s3,d2",CE,A+,7.7,Straight,,
Energie,Energie,41122.0,30177.0,30177,PVC/TNT ENERGIE,,13.0,0.0,260gr,8022560301771.0,1.455,1.385,0.66,"7,7 straight",0.53,10.05,12.0,0.036,17.46,GOOD,WASHABLE AND SCRUBBABLE,"D-s3,d2",CE,A+,7.7,Straight,,
Energie,Energie,41118.0,30178.0,30178,PVC/TNT ENERGIE,,13.0,0.0,260gr,8022560301788.0,1.455,1.385,0.66,"7,7 straight",0.53,10.05,12.0,0.036,17.46,GOOD,WASHABLE AND SCRUBBABLE,"D-s3,d2",CE,A+,7.7,Straight,,
Energie,Energie,41123.0,30179.0,30179,PVC/TNT ENERGIE,,13.0,0.0,260gr,8022560301795.0,1.455,1.385,0.66,"7,7 straight",0.53,10.05,12.0,0.036,17.46,GOOD,WASHABLE AND SCRUBBABLE,"D-s3,d2",CE,A+,7.7,Straight,,
Energie,Energie,41140.0,30181.0,30181,PVC/TNT ENERGIE,,13.0,0.0,260gr,8022560301818.0,1.455,1.385,0.66,zero,0.53,10.05,12.0,0.036,17.46,GOOD,WASHABLE AND SCRUBBABLE,"D-s3,d2",CE,A+,0.0,,,
Energie,Energie,41143.0,30182.0,30182,PVC/TNT ENERGIE,,13.0,0.0,260gr,8022560301825.0,1.455,1.385,0.66,zero,0.53,10.05,12.0,0.036,17.46,GOOD,WASHABLE AND SCRUBBABLE,"D-s3,d2",CE,A+,0.0,,,
Energie,Energie,41141.0,30183.0,30183,PVC/TNT ENERGIE,,13.0,0.0,260gr,8022560301832.0,1.455,1.385,0.66,zero,0.53,10.05,12.0,0.036,17.46,GOOD,WASHABLE AND SCRUBBABLE,"D-s3,d2",CE,A+,0.0,,,
Energie,Energie,41147.0,30184.0,30184,PVC/TNT ENERGIE,,13.0,0.0,260gr,8022560301849.0,1.455,1.385,0.66,zero,0.53,10.05,12.0,0.036,17.46,GOOD,WASHABLE AND SCRUBBABLE,"D-s3,d2",CE,A+,0.0,,,
Energie,Energie,41145.0,30185.0,30185,PVC/TNT ENERGIE,,13.0,0.0,260gr,8022560301856.0,1.455,1.385,0.66,zero,0.53,10.05,12.0,0.036,17.46,GOOD,WASHABLE AND SCRUBBABLE,"D-s3,d2",CE,A+,0.0,,,
Energie,Energie,41149.0,30188.0,30188,PVC/TNT ENERGIE,,13.0,0.0,260gr,8022560301887.0,1.455,1.385,0.66,zero,0.53,10.05,12.0,0.036,17.46,GOOD,WASHABLE AND SCRUBBABLE,"D-s3,d2",CE,A+,0.0,,,
Energie,Energie,41144.0,30193.0,30193,PVC/TNT ENERGIE,,13.0,0.0,260gr,8022560301931.0,1.455,1.385,0.66,zero,0.53,10.05,12.0,0.036,17.46,GOOD,WASHABLE AND SCRUBBABLE,"D-s3,d2",CE,A+,0.0,,,
Energie,Energie,41146.0,30195.0,30195,PVC/TNT ENERGIE,,13.0,0.0,260gr,8022560301955.0,1.455,1.385,0.66,zero,0.53,10.05,12.0,0.036,17.46,GOOD,WASHABLE AND SCRUBBABLE,"D-s3,d2",CE,A+,0.0,,,
Energie,Energie,41142.0,30197.0,30197,PVC/TNT ENERGIE,,13.0,0.0,260gr,8022560301979.0,1.455,1.385,0.66,zero,0.53,10.05,12.0,0.036,17.46,GOOD,WASHABLE AND SCRUBBABLE,"D-s3,d2",CE,A+,0.0,,,
Energie,Energie,41148.0,30198.0,30198,PVC/TNT ENERGIE,,13.0,0.0,260gr,8022560301986.0,1.455,1.385,0.66,zero,0.53,10.05,12.0,0.036,17.46,GOOD,WASHABLE AND SCRUBBABLE,"D-s3,d2",CE,A+,0.0,,,
Friends & Coffee,Friends and Coffee 2,4651.0,11026.0,11026,TNT/CARTA FRIENDS & COFFEE 2,,9.57,0.0,130 gr,8022560110267.0,0.745,0.69,0.45,53 straight,0.53,10.1,12.0,0.02,8.934,GOOD,WASHABLE,"D-­s3,d2",CE,A+,53.0,Straight,,
Friends & Coffee,Friends and Coffee 2,4650.0,11027.0,11027,TNT/CARTA FRIENDS & COFFEE 2,,9.57,0.0,130 gr,8022560110274.0,0.745,0.69,0.45,53 straight,0.53,10.1,12.0,0.02,8.934,GOOD,WASHABLE,"D-­s3,d2",CE,A+,53.0,Straight,,
Friends & Coffee,Friends and Coffee 2,4601.0,16601.0,16601,TNT/CARTA FRIENDS & COFFEE 2,,9.57,0.0,130 gr,8022560166011.0,0.736,0.692,0.35,53 offset,0.53,10.1,12.0,0.02,8.834,GOOD,WASHABLE,"D-­s3,d2",CE,A+,53.0,Offset,,
Friends & Coffee,Friends and Coffee 2,4619.0,16602.0,16602,TNT/CARTA FRIENDS & COFFEE 2,,9.57,0.0,130 gr,8022560166028.0,0.736,0.692,0.35,53 offset,0.53,10.1,12.0,0.02,8.834,GOOD,WASHABLE,"D-­s3,d2",CE,A+,53.0,Offset,,
Friends & Coffee,Friends and Coffee 2,4627.0,16603.0,16603,TNT/CARTA FRIENDS & COFFEE 2,,9.57,0.0,130 gr,8022560166035.0,0.736,0.692,0.35,53 offset,0.53,10.1,12.0,0.02,8.834,GOOD,WASHABLE,"D-­s3,d2",CE,A+,53.0,Offset,,
Friends & Coffee,Friends and Coffee 2,4610.0,16605.0,16605,TNT/CARTA FRIENDS & COFFEE 2,,9.57,0.0,130 gr,8022560166059.0,0.736,0.692,0.35,zero/53 offset,0.53,10.1,12.0,0.02,8.834,GOOD,WASHABLE,"D-­s3,d2",CE,A+,0.0,,53.0,Offset
Friends & Coffee,Friends and Coffee 2,4607.0,16606.0,16606,TNT/CARTA FRIENDS & COFFEE 2,,9.57,0.0,130 gr,8022560166066.0,0.736,0.692,0.35,zero/53 offset,0.53,10.1,12.0,0.02,8.834,GOOD,WASHABLE,"D-­s3,d2",CE,A+,0.0,,53.0,Offset
Friends & Coffee,Friends and Coffee 2,4604.0,16607.0,16607,TNT/CARTA FRIENDS & COFFEE 2,,9.57,0.0,130 gr,8022560166073.0,0.736,0.692,0.35,zero/53 offset,0.53,10.1,12.0,0.02,8.834,GOOD,WASHABLE,"D-­s3,d2",CE,A+,0.0,,53.0,Offset
Friends & Coffee,Friends and Coffee 2,4621.0,16608.0,16608,TNT/CARTA FRIENDS & COFFEE 2,,9.57,0.0,130 gr,8022560166080.0,0.736,0.692,0.35,zero/53 offset,0.53,10.1,12.0,0.02,8.834,GOOD,WASHABLE,"D-­s3,d2",CE,A+,0.0,,53.0,Offset
Friends & Coffee,Friends and Coffee 2,4612.0,16609.0,16609,TNT/CARTA FRIENDS & COFFEE 2,,9.57,0.0,130 gr,8022560166097.0,0.736,0.692,0.35,64 straight,0.53,10.1,12.0,0.02,8.834,GOOD,WASHABLE,"D-­s3,d2",CE,A+,64.0,Straight,,
Friends & Coffee,Friends and Coffee 2,4615.0,16610.0,16610,TNT/CARTA FRIENDS & COFFEE 2,,9.57,0.0,130 gr,8022560166103.0,0.736,0.692,0.35,64 straight,0.53,10.1,12.0,0.02,8.834,GOOD,WASHABLE,"D-­s3,d2",CE,A+,64.0,Straight,,
Friends & Coffee,Friends and Coffee 2,4629.0,16611.0,16611,TNT/CARTA FRIENDS & COFFEE 2,,9.57,0.0,130 gr,8022560166110.0,0.736,0.692,0.35,53 offset,0.53,10.1,12.0,0.02,8.834,GOOD,WASHABLE,"D-­s3,d2",CE,A+,53.0,Offset,,
Friends & Coffee,Friends and Coffee 2,4632.0,16612.0,16612,TNT/CARTA FRIENDS & COFFEE 2,,9.57,0.0,130 gr,8022560166127.0,0.736,0.692,0.35,53 offset,0.53,10.1,12.0,0.02,8.834,GOOD,WASHABLE,"D-­s3,d2",CE,A+,53.0,Offset,,
Friends & Coffee,Friends and Coffee 2,4630.0,16613.0,16613,TNT/CARTA FRIENDS & COFFEE 2,,9.57,0.0,130 gr,8022560166134.0,0.736,0.692,0.35,53 offset,0.53,10.1,12.0,0.02,8.834,GOOD,WASHABLE,"D-­s3,d2",CE,A+,53.0,Offset,,
Friends & Coffee,Friends and Coffee 2,4628.0,16615.0,16615,TNT/CARTA FRIENDS & COFFEE 2,,9.57,0.0,130 gr,8022560166158.0,0.736,0.692,0.35,53 offset,0.53,10.1,12.0,0.02,8.834,GOOD,WASHABLE,"D-­s3,d2",CE,A+,53.0,Offset,,
Friends & Coffee,Friends and Coffee 2,4631.0,16616.0,16616,TNT/CARTA FRIENDS & COFFEE 2,,9.57,0.0,130 gr,8022560166165.0,0.736,0.692,0.35,53 offset,0.53,10.1,12.0,0.02,8.834,GOOD,WASHABLE,"D-­s3,d2",CE,A+,53.0,Offset,,
Friends & Coffee,Friends and Coffee 2,4643.0,16617.0,16617,TNT/CARTA FRIENDS & COFFEE 2,,9.57,0.0,130 gr,8022560166172.0,0.736,0.692,0.35,53 paro,0.53,10.1,12.0,0.02,8.834,GOOD,WASHABLE,"D-­s3,d2",CE,A+,53.0,Paro,,
Friends & Coffee,Friends and Coffee 2,4641.0,16618.0,16618,TNT/CARTA FRIENDS & COFFEE 2,,9.57,0.0,130 gr,8022560166189.0,0.736,0.692,0.35,53 paro,0.53,10.1,12.0,0.02,8.834,GOOD,WASHABLE,"D-­s3,d2",CE,A+,53.0,Paro,,
Friends & Coffee,Friends and Coffee 2,4634.0,16619.0,16619,TNT/CARTA FRIENDS & COFFEE 2,,9.57,0.0,130 gr,8022560166196.0,0.736,0.692,0.35,53 paro,0.53,10.1,12.0,0.02,8.834,GOOD,WASHABLE,"D-­s3,d2",CE,A+,53.0,Paro,,
Friends & Coffee,Friends and Coffee 2,4640.0,16621.0,16621,TNT/CARTA FRIENDS & COFFEE 2,,9.57,0.0,130 gr,8022560166219.0,0.736,0.692,0.35,53 paro,0.53,10.1,12.0,0.02,8.834,GOOD,WASHABLE,"D-­s3,d2",CE,A+,53.0,Paro,,
Friends & Coffee,Friends and Coffee 2,4637.0,16622.0,16622,TNT/CARTA FRIENDS & COFFEE 2,,9.57,0.0,130 gr,8022560166226.0,0.736,0.692,0.35,53 paro,0.53,10.1,12.0,0.02,8.834,GOOD,WASHABLE,"D-­s3,d2",CE,A+,53.0,Paro,,
Friends & Coffee,Friends and Coffee 2,4635.0,16623.0,16623,TNT/CARTA FRIENDS & COFFEE 2,,9.57,0.0,130 gr,8022560166233.0,0.736,0.692,0.35,53 paro,0.53,10.1,12.0,0.02,8.834,GOOD,WASHABLE,"D-­s3,d2",CE,A+,53.0,Paro,,
Friends & Coffee,Friends and Coffee 2,4649.0,16625.0,16625,TNT/CARTA FRIENDS & COFFEE 2,,9.57,0.0,130 gr,8022560166257.0,0.745,0.692,0.45,53 offset,0.53,10.1,12.0,0.02,8.934,GOOD,WASHABLE,"D-­s3,d2",CE,A+,53.0,Offset,,
Friends & Coffee,Friends and Coffee 2,4647.0,16626.0,16626,TNT/CARTA FRIENDS & COFFEE 2,,9.57,0.0,130 gr,8022560166264.0,0.745,0.692,0.45,53 offset,0.53,10.1,12.0,0.02,8.934,GOOD,WASHABLE,"D-­s3,d2",CE,A+,53.0,Offset,,
Friends & Coffee,Friends and Coffee 2,4654.0,16628.0,16628,TNT/CARTA FRIENDS & COFFEE 2,,9.57,0.0,130 gr,8022560166288.0,0.745,0.692,0.45,"26,5 straight",0.53,10.1,12.0,0.02,8.934,GOOD,WASHABLE,"D-­s3,d2",CE,A+,26.5,Straight,,
Friends & Coffee,Friends and Coffee 2,4644.0,16629.0,16629,TNT/CARTA FRIENDS & COFFEE 2,,9.57,0.0,130 gr,8022560166295.0,0.745,0.692,0.45,"26,5 straight",0.53,10.1,12.0,0.02,8.934,GOOD,WASHABLE,"D-­s3,d2",CE,A+,26.5,Straight,,
Friends & Coffee,Friends and Coffee 2,4658.0,16631.0,16631,TNT/CARTA FRIENDS & COFFEE 2,,9.57,0.0,130 gr,8022560166318.0,0.736,0.692,0.35,53 straight,0.53,10.1,12.0,0.02,8.834,GOOD,WASHABLE,"D-­s3,d2",CE,A+,53.0,Straight,,
Friends & Coffee,Friends and Coffee 2,4667.0,16632.0,16632,TNT/CARTA FRIENDS & COFFEE 2,,9.57,0.0,130 gr,8022560166325.0,0.736,0.692,0.35,53 straight,0.53,10.1,12.0,0.02,8.834,GOOD,WASHABLE,"D-­s3,d2",CE,A+,53.0,Straight,,
Friends & Coffee,Friends and Coffee 2,4662.0,16633.0,16633,TNT/CARTA FRIENDS & COFFEE 2,,9.57,0.0,130 gr,8022560166332.0,0.736,0.692,0.35,53 straight,0.53,10.1,12.0,0.02,8.834,GOOD,WASHABLE,"D-­s3,d2",CE,A+,53.0,Straight,,
Friends & Coffee,Friends and Coffee 2,4655.0,16635.0,16635,TNT/CARTA FRIENDS & COFFEE 2,,9.57,0.0,130 gr,8022560166356.0,0.736,0.692,0.35,53 straight,0.53,10.1,12.0,0.02,8.834,GOOD,WASHABLE,"D-­s3,d2",CE,A+,53.0,Straight,,
Friends & Coffee,Friends and Coffee 2,4669.0,16636.0,16636,TNT/CARTA FRIENDS & COFFEE 2,,9.57,0.0,130 gr,8022560166363.0,0.736,0.692,0.35,53 straight,0.53,10.1,12.0,0.02,8.834,GOOD,WASHABLE,"D-­s3,d2",CE,A+,53.0,Straight,,
Friends & Coffee,Friends and Coffee 2,4663.0,16637.0,16637,TNT/CARTA FRIENDS & COFFEE 2,,9.57,0.0,130 gr,8022560166370.0,0.736,0.692,0.35,53 straight,0.53,10.1,12.0,0.02,8.834,GOOD,WASHABLE,"D-­s3,d2",CE,A+,53.0,Straight,,
Friends & Coffee,Friends and Coffee 2,4661.0,16640.0,16640,TNT/CARTA FRIENDS & COFFEE 2,,9.57,0.0,130 gr,8022560166400.0,0.736,0.692,0.35,53 straight,0.53,10.1,12.0,0.02,8.834,GOOD,WASHABLE,"D-­s3,d2",CE,A+,53.0,Straight,,
Friends & Coffee,Friends and Coffee 2,4670.0,16641.0,16641,TNT/CARTA FRIENDS & COFFEE 2,,9.57,0.0,130 gr,8022560166417.0,0.736,0.692,0.35,53 straight,0.53,10.1,12.0,0.02,8.834,GOOD,WASHABLE,"D-­s3,d2",CE,A+,53.0,Straight,,
Friends & Coffee,Friends and Coffee 2,4664.0,16642.0,16642,TNT/CARTA FRIENDS & COFFEE 2,,9.57,0.0,130 gr,8022560166424.0,0.736,0.692,0.35,53 straight,0.53,10.1,12.0,0.02,8.834,GOOD,WASHABLE,"D-­s3,d2",CE,A+,53.0,Straight,,
Friends & Coffee,Friends and Coffee 2,4668.0,16643.0,16643,TNT/CARTA FRIENDS & COFFEE 2,,9.57,0.0,130 gr,8022560166431.0,0.736,0.692,0.35,53 offset,0.53,10.1,12.0,0.02,8.834,GOOD,WASHABLE,"D-­s3,d2",CE,A+,53.0,Offset,,
Friends & Coffee,Friends and Coffee 2,4625.0,16644.0,16644,TNT/CARTA FRIENDS & COFFEE 2,,9.57,0.0,130 gr,8022560166448.0,0.736,0.692,0.35,53 offset,0.53,10.1,12.0,0.02,8.834,GOOD,WASHABLE,"D-­s3,d2",CE,A+,53.0,Offset,,
Friends & Coffee,Friends and Coffee 2,4603.0,16645.0,16645,TNT/CARTA FRIENDS & COFFEE 2,,9.57,0.0,130 gr,8022560166455.0,0.736,0.692,0.35,53 offset,0.53,10.1,12.0,0.02,8.834,GOOD,WASHABLE,"D-­s3,d2",CE,A+,53.0,Offset,,
Friends & Coffee,Friends and Coffee 2,4656.0,16646.0,16646,TNT/CARTA FRIENDS & COFFEE 2,,9.57,0.0,130 gr,8022560166462.0,0.736,0.692,0.35,"26,5 straight",0.53,10.1,12.0,0.02,8.834,GOOD,WASHABLE,"D-­s3,d2",CE,A+,26.5,Straight,,
Friends & Coffee,Friends and Coffee 2,4657.0,16647.0,16647,TNT/CARTA FRIENDS & COFFEE 2,,9.57,0.0,130 gr,8022560166479.0,0.736,0.692,0.35,"26,5 straight",0.53,10.1,12.0,0.02,8.834,GOOD,WASHABLE,"D-­s3,d2",CE,A+,26.5,Straight,,
Friends & Coffee,Friends and Coffee 2,4620.0,16648.0,16648,TNT/CARTA FRIENDS & COFFEE 2,,9.57,0.0,130 gr,8022560166486.0,0.736,0.692,0.35,"26,5 straight",0.53,10.1,12.0,0.02,8.834,GOOD,WASHABLE,"D-­s3,d2",CE,A+,26.5,Straight,,
Friends & Coffee,Friends and Coffee 2,4617.0,16649.0,16649,TNT/CARTA FRIENDS & COFFEE 2,,9.57,0.0,130 gr,8022560166493.0,0.736,0.692,0.35,"26,5 straight",0.53,10.1,12.0,0.02,8.834,GOOD,WASHABLE,"D-­s3,d2",CE,A+,26.5,Straight,,
Friends & Coffee,Friends and Coffee 2,4624.0,16650.0,16650,TNT/CARTA FRIENDS & COFFEE 2,,9.57,0.0,130 gr,8022560166509.0,0.736,0.692,0.35,"26,5 straight",0.53,10.1,12.0,0.02,8.834,GOOD,WASHABLE,"D-­s3,d2",CE,A+,26.5,Straight,,
Friends & Coffee,Friends and Coffee 2,4606.0,16651.0,16651,TNT/CARTA FRIENDS & COFFEE 2,,9.57,0.0,130 gr,8022560166516.0,0.736,0.692,0.35,"26,5 straight",0.53,10.1,12.0,0.02,8.834,GOOD,WASHABLE,"D-­s3,d2",CE,A+,26.5,Straight,,
Friends & Coffee,Friends and Coffee 2,4639.0,16652.0,16652,TNT/CARTA FRIENDS & COFFEE 2,,9.57,0.0,130 gr,8022560166523.0,0.736,0.692,0.35,"13,3 straight",0.53,10.1,12.0,0.02,8.834,GOOD,WASHABLE,"D-­s3,d2",CE,A+,13.3,Straight,,
Friends & Coffee,Friends and Coffee 2,4638.0,16653.0,16653,TNT/CARTA FRIENDS & COFFEE 2,,9.57,0.0,130 gr,8022560166530.0,0.736,0.692,0.35,"13,3 straight",0.53,10.1,12.0,0.02,8.834,GOOD,WASHABLE,"D-­s3,d2",CE,A+,13.3,Straight,,
Friends & Coffee,Friends and Coffee 2,4613.0,16654.0,16654,TNT/CARTA FRIENDS & COFFEE 2,,9.57,0.0,130 gr,8022560166547.0,0.736,0.692,0.35,"13,3 straight",0.53,10.1,12.0,0.02,8.834,GOOD,WASHABLE,"D-­s3,d2",CE,A+,13.3,Straight,,
Friends & Coffee,Friends and Coffee 2,4659.0,16656.0,16656,TNT/CARTA FRIENDS & COFFEE 2,,9.57,0.0,130 gr,8022560166561.0,0.736,0.692,0.35,53 offset,0.53,10.1,12.0,0.02,8.834,GOOD,WASHABLE,"D-­s3,d2",CE,A+,53.0,Offset,,
Friends & Coffee,Friends and Coffee 2,4666.0,16657.0,16657,TNT/CARTA FRIENDS & COFFEE 2,,9.57,0.0,130 gr,8022560166578.0,0.736,0.692,0.35,53 offset,0.53,10.1,12.0,0.02,8.834,GOOD,WASHABLE,"D-­s3,d2",CE,A+,53.0,Offset,,
Friends & Coffee,Friends and Coffee 2,4665.0,16658.0,16658,TNT/CARTA FRIENDS & COFFEE 2,,9.57,0.0,130 gr,8022560166585.0,0.736,0.692,0.35,53 offset,0.53,10.1,12.0,0.02,8.834,GOOD,WASHABLE,"D-­s3,d2",CE,A+,53.0,Offset,,
Friends & Coffee,Friends and Coffee 2,4614.0,16660.0,16660,TNT/CARTA FRIENDS & COFFEE 2,,9.57,0.0,130 gr,8022560166608.0,0.736,0.692,0.35,53 offset,0.53,10.1,12.0,0.02,8.834,GOOD,WASHABLE,"D-­s3,d2",CE,A+,53.0,Offset,,
Friends & Coffee,Friends and Coffee 2,4633.0,16661.0,16661,TNT/CARTA FRIENDS & COFFEE 2,,9.57,0.0,130 gr,8022560166615.0,0.736,0.692,0.35,53 offset,0.53,10.1,12.0,0.02,8.834,GOOD,WASHABLE,"D-­s3,d2",CE,A+,53.0,Offset,,
Friends & Coffee,Friends and Coffee 2,4623.0,16662.0,16662,TNT/CARTA FRIENDS & COFFEE 2,,9.57,0.0,130 gr,8022560166622.0,0.736,0.692,0.35,53 offset,0.53,10.1,12.0,0.02,8.834,GOOD,WASHABLE,"D-­s3,d2",CE,A+,53.0,Offset,,
Friends & Coffee,Friends and Coffee 2,4636.0,16663.0,16663,TNT/CARTA FRIENDS & COFFEE 2,,9.57,0.0,130 gr,8022560166639.0,0.745,0.692,0.45,53 straight,0.53,10.1,12.0,0.02,8.934,GOOD,WASHABLE,"D-­s3,d2",CE,A+,53.0,Straight,,
Friends & Coffee,Friends and Coffee 2,4642.0,16664.0,16664,TNT/CARTA FRIENDS & COFFEE 2,,9.57,0.0,130 gr,8022560166646.0,0.745,0.692,0.45,53 straight,0.53,10.1,12.0,0.02,8.934,GOOD,WASHABLE,"D-­s3,d2",CE,A+,53.0,Straight,,
Friends & Coffee,Friends and Coffee 2,4622.0,16665.0,16665,TNT/CARTA FRIENDS & COFFEE 2,,9.57,0.0,130 gr,8022560166653.0,0.745,0.692,0.45,53 straight,0.53,10.1,12.0,0.02,8.934,GOOD,WASHABLE,"D-­s3,d2",CE,A+,53.0,Straight,,
Friends & Coffee,Friends and Coffee 2,4618.0,16667.0,16667,TNT/CARTA FRIENDS & COFFEE 2,,9.57,0.0,130 gr,8022560166677.0,0.736,0.692,0.35,zero,0.53,10.1,12.0,0.02,8.834,GOOD,WASHABLE,"D-­s3,d2",CE,A+,0.0,,,
Friends & Coffee,Friends and Coffee 2,4616.0,16668.0,16668,TNT/CARTA FRIENDS & COFFEE 2,,9.57,0.0,130 gr,8022560166684.0,0.736,0.692,0.35,zero,0.53,10.1,12.0,0.02,8.834,GOOD,WASHABLE,"D-­s3,d2",CE,A+,0.0,,,
Friends & Coffee,Friends and Coffee 2,4652.0,16670.0,16670,TNT/CARTA FRIENDS & COFFEE 2,,9.57,0.0,130 gr,8022560166707.0,0.736,0.69,0.35,53 straight,0.53,10.1,12.0,0.02,8.834,GOOD,WASHABLE,"D-­s3,d2",CE,A+,53.0,Straight,,
Friends & Coffee,Friends and Coffee 2,4645.0,16671.0,16671,TNT/CARTA FRIENDS & COFFEE 2,,9.57,0.0,130 gr,8022560166714.0,0.736,0.69,0.35,53 straight,0.53,10.1,12.0,0.02,8.834,GOOD,WASHABLE,"D-­s3,d2",CE,A+,53.0,Straight,,
Friends & Coffee,Friends and Coffee 2,4671.0,16672.0,16672,TNT/CARTA FRIENDS & COFFEE 2,,9.57,0.0,130 gr,8022560166721.0,0.736,0.69,0.35,53 straight,0.53,10.1,12.0,0.02,8.834,GOOD,WASHABLE,"D-­s3,d2",CE,A+,53.0,Straight,,
Friends & Coffee,Friends and Coffee 2,4660.0,16673.0,16673,TNT/CARTA FRIENDS & COFFEE 2,,9.57,0.0,130 gr,8022560166738.0,0.736,0.69,0.35,53 straight,0.53,10.1,12.0,0.02,8.834,GOOD,WASHABLE,"D-­s3,d2",CE,A+,53.0,Straight,,
Friends & Coffee,Friends and Coffee 2,4653.0,16675.0,16675,TNT/CARTA FRIENDS & COFFEE 2,,9.57,0.0,130 gr,8022560166752.0,0.745,0.69,0.45,53 straight,0.53,10.1,12.0,0.02,8.934,GOOD,WASHABLE,"D-­s3,d2",CE,A+,53.0,Straight,,
Friends & Coffee,Friends and Coffee 2,4648.0,16676.0,16676,TNT/CARTA FRIENDS & COFFEE 2,,9.57,0.0,130 gr,8022560166769.0,0.745,0.69,0.45,53 straight,0.53,10.1,12.0,0.02,8.934,GOOD,WASHABLE,"D-­s3,d2",CE,A+,53.0,Straight,,
Friends & Coffee,Friends and Coffee 2,4646.0,16677.0,16677,TNT/CARTA FRIENDS & COFFEE 2,,9.57,0.0,130 gr,8022560166776.0,0.745,0.69,0.45,53 straight,0.53,10.1,12.0,0.02,8.934,GOOD,WASHABLE,"D-­s3,d2",CE,A+,53.0,Straight,,
Friends & Coffee,Friends and Coffee 2,4602.0,16680.0,16680,TNT/CARTA FRIENDS & COFFEE 2,,9.57,0.0,130 gr,8022560166806.0,0.736,0.69,0.35,53 offset,0.53,10.1,12.0,0.02,8.834,GOOD,WASHABLE,"D-­s3,d2",CE,A+,53.0,Offset,,
Friends & Coffee,Friends and Coffee 2,4609.0,16681.0,16681,TNT/CARTA FRIENDS & COFFEE 2,,9.57,0.0,130 gr,8022560166813.0,0.736,0.692,0.35,53 offset,0.53,10.1,12.0,0.02,8.834,GOOD,WASHABLE,"D-­s3,d2",CE,A+,53.0,Offset,,
Friends & Coffee,Friends and Coffee 2,4608.0,16682.0,16682,TNT/CARTA FRIENDS & COFFEE 2,,9.57,0.0,130 gr,8022560166820.0,0.736,0.692,0.35,53 offset,0.53,10.1,12.0,0.02,8.834,GOOD,WASHABLE,"D-­s3,d2",CE,A+,53.0,Offset,,
Friends & Coffee,Friends and Coffee 2,4611.0,2159.0,2159,TNT/CARTA FRIENDS & COFFEE 2,,9.57,0.0,130 gr,8022560021594.0,0.736,0.692,0.35,zero,0.53,10.1,12.0,0.02,8.834,GOOD,WASHABLE,"D-­s3,d2",CE,A+,0.0,,,
Friends & Coffee,Friends and Coffee 2,4626.0,5476.0,5476,TNT/CARTA FRIENDS & COFFEE 2,,9.57,0.0,130 gr,8022560054769.0,0.736,0.692,0.35,zero,0.53,10.1,12.0,0.02,8.834,GOOD,WASHABLE,"D-­s3,d2",CE,A+,0.0,,,
Friends & Coffee,Friends and Coffee 2,4605.0,5686.0,5686,TNT/CARTA FRIENDS & COFFEE 2,,9.57,0.0,130 gr,8022560056862.0,0.736,0.692,0.35,53 offset,0.53,10.1,12.0,0.02,8.834,GOOD,WASHABLE,"D-­s3,d2",CE,A+,53.0,Offset,,
Blooming Garden,Blooming Garden 22,4538.0,84000.0,84000,ECODECO BLOOMING GARDEN,,12.1,0.0,270 gr,8022560840003.0,1.508,1.438,0.055,64 offset,0.53,10.05,12.0,0.036,18.096,GOOD,WASHABLE AND SCRUBBABLE,"D-­s3,d2",CE,A+,64.0,Offset,,
Blooming Garden,Blooming Garden 22,4542.0,84001.0,84001,ECODECO BLOOMING GARDEN,,12.1,0.0,270 gr,8022560840010.0,1.508,1.438,0.055,64 offset,0.53,10.05,12.0,0.036,18.096,GOOD,WASHABLE AND SCRUBBABLE,"D-­s3,d2",CE,A+,64.0,Offset,,
Blooming Garden,Blooming Garden 22,4540.0,84002.0,84002,ECODECO BLOOMING GARDEN,,12.1,0.0,270 gr,8022560840027.0,1.508,1.438,0.055,64 offset,0.53,10.05,12.0,0.036,18.096,GOOD,WASHABLE AND SCRUBBABLE,"D-­s3,d2",CE,A+,64.0,Offset,,
Blooming Garden,Blooming Garden 22,4506.0,84004.0,84004,ECODECO BLOOMING GARDEN,,12.1,0.0,270 gr,8022560840041.0,1.508,1.438,0.055,53 offset,0.53,10.05,12.0,0.036,18.096,GOOD,WASHABLE AND SCRUBBABLE,"D-­s3,d2",CE,A+,53.0,Offset,,
Blooming Garden,Blooming Garden 22,4510.0,84005.0,84005,ECODECO BLOOMING GARDEN,,12.1,0.0,270 gr,8022560840058.0,1.508,1.438,0.055,53 offset,0.53,10.05,12.0,0.036,18.096,GOOD,WASHABLE AND SCRUBBABLE,"D-­s3,d2",CE,A+,53.0,Offset,,
Blooming Garden,Blooming Garden 22,4501.0,84006.0,84006,ECODECO BLOOMING GARDEN,,12.1,0.0,270 gr,8022560840065.0,1.508,1.438,0.055,53 offset,0.53,10.05,12.0,0.036,18.096,GOOD,WASHABLE AND SCRUBBABLE,"D-­s3,d2",CE,A+,53.0,Offset,,
Blooming Garden,Blooming Garden 22,4508.0,84008.0,84008,ECODECO BLOOMING GARDEN,,12.1,0.0,270 gr,8022560840089.0,1.491,1.438,0.038,"13,3 paro",0.53,10.05,12.0,0.021,17.886,GOOD,WASHABLE AND SCRUBBABLE,"D-­s3,d2",CE,A+,13.3,Paro,,
Blooming Garden,Blooming Garden 22,4505.0,84009.0,84009,ECODECO BLOOMING GARDEN,,12.1,0.0,270 gr,8022560840096.0,1.491,1.438,0.038,"13,3 straight",0.53,10.05,12.0,0.021,17.886,GOOD,WASHABLE AND SCRUBBABLE,"D-­s3,d2",CE,A+,13.3,Straight,,
Blooming Garden,Blooming Garden 22,4522.0,84010.0,84010,ECODECO BLOOMING GARDEN,,12.1,0.0,270 gr,8022560840102.0,1.508,1.438,0.055,"26,5 straight",0.53,10.05,12.0,0.036,18.096,GOOD,WASHABLE AND SCRUBBABLE,"D-­s3,d2",CE,A+,26.5,Straight,,
Blooming Garden,Blooming Garden 22,4511.0,84011.0,84011,ECODECO BLOOMING GARDEN,,12.1,0.0,270 gr,8022560840119.0,1.508,1.438,0.055,"26,5 straight",0.53,10.05,12.0,0.036,18.096,GOOD,WASHABLE AND SCRUBBABLE,"D-­s3,d2",CE,A+,26.5,Straight,,
Blooming Garden,Blooming Garden 22,4502.0,84012.0,84012,ECODECO BLOOMING GARDEN,,12.1,0.0,270 gr,8022560840126.0,1.508,1.438,0.055,"26,5 straight",0.53,10.05,12.0,0.036,18.096,GOOD,WASHABLE AND SCRUBBABLE,"D-­s3,d2",CE,A+,26.5,Straight,,
Blooming Garden,Blooming Garden 22,4530.0,84014.0,84014,ECODECO BLOOMING GARDEN,,12.1,0.0,270 gr,8022560840140.0,1.508,1.438,0.055,64 offset,0.53,10.05,12.0,0.036,18.096,GOOD,WASHABLE AND SCRUBBABLE,"D-­s3,d2",CE,A+,64.0,Offset,,
Blooming Garden,Blooming Garden 22,4512.0,84015.0,84015,ECODECO BLOOMING GARDEN,,12.1,0.0,270 gr,8022560840157.0,1.508,1.438,0.055,64 offset,0.53,10.05,12.0,0.036,18.096,GOOD,WASHABLE AND SCRUBBABLE,"D-­s3,d2",CE,A+,64.0,Offset,,
Blooming Garden,Blooming Garden 22,4519.0,84016.0,84016,ECODECO BLOOMING GARDEN,,12.1,0.0,270 gr,8022560840164.0,1.508,1.438,0.055,64 offset,0.53,10.05,12.0,0.036,18.096,GOOD,WASHABLE AND SCRUBBABLE,"D-­s3,d2",CE,A+,64.0,Offset,,
Blooming Garden,Blooming Garden 22,4543.0,84018.0,84018,ECODECO BLOOMING GARDEN,,12.1,0.0,270 gr,8022560840188.0,1.508,1.438,0.055,"10,6 straight",0.53,10.05,12.0,0.036,18.096,GOOD,WASHABLE AND SCRUBBABLE,"D-­s3,d2",CE,A+,10.6,Straight,,
Blooming Garden,Blooming Garden 22,4509.0,84019.0,84019,ECODECO BLOOMING GARDEN,,12.1,0.0,270 gr,8022560840195.0,1.508,1.438,0.055,"10,6 straight",0.53,10.05,12.0,0.036,18.096,GOOD,WASHABLE AND SCRUBBABLE,"D-­s3,d2",CE,A+,10.6,Straight,,
Blooming Garden,Blooming Garden 22,4525.0,84020.0,84020,ECODECO BLOOMING GARDEN,,12.1,0.0,270 gr,8022560840201.0,1.508,1.438,0.055,53 offset,0.53,10.05,12.0,0.036,18.096,GOOD,WASHABLE AND SCRUBBABLE,"D-­s3,d2",CE,A+,53.0,Offset,,
Blooming Garden,Blooming Garden 22,4526.0,84021.0,84021,ECODECO BLOOMING GARDEN,,12.1,0.0,270 gr,8022560840218.0,1.508,1.438,0.055,53 offset,0.53,10.05,12.0,0.036,18.096,GOOD,WASHABLE AND SCRUBBABLE,"D-­s3,d2",CE,A+,53.0,Offset,,
Blooming Garden,Blooming Garden 22,4516.0,84022.0,84022,ECODECO BLOOMING GARDEN,,12.1,0.0,270 gr,8022560840225.0,1.508,1.438,0.055,53 offset,0.53,10.05,12.0,0.036,18.096,GOOD,WASHABLE AND SCRUBBABLE,"D-­s3,d2",CE,A+,53.0,Offset,,
Blooming Garden,Blooming Garden 22,4521.0,84023.0,84023,ECODECO BLOOMING GARDEN,,12.1,0.0,270 gr,8022560840232.0,1.508,1.438,0.055,53 offset,0.53,10.05,12.0,0.036,18.096,GOOD,WASHABLE AND SCRUBBABLE,"D-­s3,d2",CE,A+,53.0,Offset,,
Blooming Garden,Blooming Garden 22,4536.0,84025.0,84025,ECODECO BLOOMING GARDEN,,12.1,0.0,270 gr,8022560840256.0,1.508,1.438,0.055,53 offset,0.53,10.05,12.0,0.036,18.096,GOOD,WASHABLE AND SCRUBBABLE,"D-­s3,d2",CE,A+,53.0,Offset,,
Blooming Garden,Blooming Garden 22,4532.0,84026.0,84026,ECODECO BLOOMING GARDEN,,12.1,0.0,270 gr,8022560840263.0,1.508,1.438,0.055,53 offset,0.53,10.05,12.0,0.036,18.096,GOOD,WASHABLE AND SCRUBBABLE,"D-­s3,d2",CE,A+,53.0,Offset,,
Blooming Garden,Blooming Garden 22,4533.0,84027.0,84027,ECODECO BLOOMING GARDEN,,12.1,0.0,270 gr,8022560840270.0,1.508,1.438,0.055,53 offset,0.53,10.05,12.0,0.036,18.096,GOOD,WASHABLE AND SCRUBBABLE,"D-­s3,d2",CE,A+,53.0,Offset,,
Blooming Garden,Blooming Garden 22,4545.0,84030.0,84030,ECODECO BLOOMING GARDEN,,12.1,0.0,270 gr,8022560840300.0,1.491,1.438,0.038,"17,7 straight",0.53,10.05,12.0,0.021,17.886,GOOD,WASHABLE AND SCRUBBABLE,"D-­s3,d2",CE,A+,17.7,Straight,,
Blooming Garden,Blooming Garden 22,4545.0,84030.0,84030,ECODECO BLOOMING GARDEN,,15.730000000000002,0.0,270 gr,8022560840300.0,1.491,1.438,0.038,"17,7 straight",0.53,10.05,12.0,0.021,17.886,GOOD,WASHABLE AND SCRUBBABLE,"D-­s3,d2",CE,A+,17.7,Straight,,
Blooming Garden,Blooming Garden 22,4513.0,84031.0,84031,ECODECO BLOOMING GARDEN,,12.1,0.0,270 gr,8022560840317.0,1.491,1.438,0.038,"17,7 straight",0.53,10.05,12.0,0.021,17.886,GOOD,WASHABLE AND SCRUBBABLE,"D-­s3,d2",CE,A+,17.7,Straight,,
Blooming Garden,Blooming Garden 22,4549.0,84032.0,84032,ECODECO BLOOMING GARDEN,,12.1,0.0,270 gr,8022560840324.0,1.491,1.438,0.038,"17,7 straight",0.53,10.05,12.0,0.021,17.886,GOOD,WASHABLE AND SCRUBBABLE,"D-­s3,d2",CE,A+,17.7,Straight,,
Blooming Garden,Blooming Garden 22,4544.0,84033.0,84033,ECODECO BLOOMING GARDEN,,12.1,0.0,270 gr,8022560840331.0,1.508,1.438,0.055,"26,5 straight",0.53,10.05,12.0,0.036,18.096,GOOD,WASHABLE AND SCRUBBABLE,"D-­s3,d2",CE,A+,26.5,Straight,,
Blooming Garden,Blooming Garden 22,4550.0,84035.0,84035,ECODECO BLOOMING GARDEN,,12.1,0.0,270 gr,8022560840355.0,1.508,1.438,0.055,"26,5 straight",0.53,10.05,12.0,0.036,18.096,GOOD,WASHABLE AND SCRUBBABLE,"D-­s3,d2",CE,A+,26.5,Straight,,
Blooming Garden,Blooming Garden 22,4551.0,84036.0,84036,ECODECO BLOOMING GARDEN,,12.1,0.0,270 gr,8022560840362.0,1.508,1.438,0.055,"26,5 straight",0.53,10.05,12.0,0.036,18.096,GOOD,WASHABLE AND SCRUBBABLE,"D-­s3,d2",CE,A+,26.5,Straight,,
Blooming Garden,Blooming Garden 22,4546.0,84038.0,84038,ECODECO BLOOMING GARDEN,,12.1,0.0,270 gr,8022560840386.0,1.508,1.438,0.055,53 offset,0.53,10.05,12.0,0.036,18.096,GOOD,WASHABLE AND SCRUBBABLE,"D-­s3,d2",CE,A+,53.0,Offset,,
Blooming Garden,Blooming Garden 22,4553.0,84039.0,84039,ECODECO BLOOMING GARDEN,,12.1,0.0,270 gr,8022560840393.0,1.508,1.438,0.055,53 offset,0.53,10.05,12.0,0.036,18.096,GOOD,WASHABLE AND SCRUBBABLE,"D-­s3,d2",CE,A+,53.0,Offset,,
Blooming Garden,Blooming Garden 22,4548.0,84040.0,84040,ECODECO BLOOMING GARDEN,,12.1,0.0,270 gr,8022560840409.0,1.508,1.438,0.055,53 offset,0.53,10.05,12.0,0.036,18.096,GOOD,WASHABLE AND SCRUBBABLE,"D-­s3,d2",CE,A+,53.0,Offset,,
Blooming Garden,Blooming Garden 22,4524.0,84047.0,84047,ECODECO BLOOMING GARDEN,,12.1,0.0,270 gr,8022560840478.0,1.508,1.438,0.055,"13,3 straight",0.53,10.05,12.0,0.036,18.096,GOOD,WASHABLE AND SCRUBBABLE,"D-­s3,d2",CE,A+,13.3,Straight,,
Blooming Garden,Blooming Garden 22,4531.0,84048.0,84048,ECODECO BLOOMING GARDEN,,12.1,0.0,270 gr,8022560840485.0,1.508,1.438,0.055,"13,3 straight",0.53,10.05,12.0,0.036,18.096,GOOD,WASHABLE AND SCRUBBABLE,"D-­s3,d2",CE,A+,13.3,Straight,,
Blooming Garden,Blooming Garden 22,4534.0,84049.0,84049,ECODECO BLOOMING GARDEN,,12.1,0.0,270 gr,8022560840492.0,1.508,1.438,0.055,"13,3 straight",0.53,10.05,12.0,0.036,18.096,GOOD,WASHABLE AND SCRUBBABLE,"D-­s3,d2",CE,A+,13.3,Straight,,
Blooming Garden,Blooming Garden 22,4523.0,84051.0,84051,ECODECO BLOOMING GARDEN,,12.1,0.0,270 gr,8022560840515.0,1.508,1.438,0.055,zero,0.53,10.05,12.0,0.036,18.096,GOOD,WASHABLE AND SCRUBBABLE,"D-­s3,d2",CE,A+,0.0,,,
Blooming Garden,Blooming Garden 22,4503.0,84052.0,84052,ECODECO BLOOMING GARDEN,,12.1,0.0,270 gr,8022560840522.0,1.508,1.438,0.055,zero,0.53,10.05,12.0,0.036,18.096,GOOD,WASHABLE AND SCRUBBABLE,"D-­s3,d2",CE,A+,0.0,,,
Blooming Garden,Blooming Garden 22,4541.0,84053.0,84053,ECODECO BLOOMING GARDEN,,12.1,0.0,270 gr,8022560840539.0,1.508,1.438,0.055,zero,0.53,10.05,12.0,0.036,18.096,GOOD,WASHABLE AND SCRUBBABLE,"D-­s3,d2",CE,A+,0.0,,,
Blooming Garden,Blooming Garden 22,4552.0,84054.0,84054,ECODECO BLOOMING GARDEN,,12.1,0.0,270 gr,8022560840546.0,1.508,1.438,0.055,zero,0.53,10.05,12.0,0.036,18.096,GOOD,WASHABLE AND SCRUBBABLE,"D-­s3,d2",CE,A+,0.0,,,
Blooming Garden,Blooming Garden 22,4514.0,84057.0,84057,ECODECO BLOOMING GARDEN,,12.1,0.0,270 gr,8022560840577.0,1.508,1.438,0.055,"17,7 straight",0.53,10.05,12.0,0.036,18.096,GOOD,WASHABLE AND SCRUBBABLE,"D-­s3,d2",CE,A+,17.7,Straight,,
Blooming Garden,Blooming Garden 22,4547.0,84058.0,84058,ECODECO BLOOMING GARDEN,,12.1,0.0,270 gr,8022560840584.0,1.508,1.438,0.055,"17,7 straight",0.53,10.05,12.0,0.036,18.096,GOOD,WASHABLE AND SCRUBBABLE,"D-­s3,d2",CE,A+,17.7,Straight,,
Blooming Garden,Blooming Garden 22,4528.0,84061.0,84061,ECODECO BLOOMING GARDEN,,12.1,0.0,270 gr,8022560840614.0,1.491,1.438,0.038,"13,3 straight",0.53,10.05,12.0,0.021,17.886,GOOD,WASHABLE AND SCRUBBABLE,"D-­s3,d2",CE,A+,13.3,Straight,,
Blooming Garden,Blooming Garden 22,4515.0,84062.0,84062,ECODECO BLOOMING GARDEN,,12.1,0.0,270 gr,8022560840621.0,1.491,1.438,0.038,"13,3 straight",0.53,10.05,12.0,0.021,17.886,GOOD,WASHABLE AND SCRUBBABLE,"D-­s3,d2",CE,A+,13.3,Straight,,
Blooming Garden,Blooming Garden 22,4518.0,84063.0,84063,ECODECO BLOOMING GARDEN,,12.1,0.0,270 gr,8022560840638.0,1.491,1.438,0.038,"13,3 straight",0.53,10.05,12.0,0.021,17.886,GOOD,WASHABLE AND SCRUBBABLE,"D-­s3,d2",CE,A+,13.3,Straight,,
Blooming Garden,Blooming Garden 22,4537.0,84064.0,84064,ECODECO BLOOMING GARDEN,,12.1,0.0,270 gr,8022560840645.0,1.491,1.438,0.038,"13,3 straight",0.53,10.05,12.0,0.021,17.886,GOOD,WASHABLE AND SCRUBBABLE,"D-­s3,d2",CE,A+,13.3,Straight,,
Blooming Garden,Blooming Garden 22,4507.0,84066.0,84066,ECODECO BLOOMING GARDEN,,12.1,0.0,270 gr,8022560840669.0,1.508,1.438,0.055,"2,4 straight",0.53,10.05,12.0,0.036,18.096,GOOD,WASHABLE AND SCRUBBABLE,"D-­s3,d2",CE,A+,2.4,Straight,,
Blooming Garden,Blooming Garden 22,4529.0,84067.0,84067,ECODECO BLOOMING GARDEN,,12.1,0.0,270 gr,8022560840676.0,1.508,1.438,0.055,"2,4 straight",0.53,10.05,12.0,0.036,18.096,GOOD,WASHABLE AND SCRUBBABLE,"D-­s3,d2",CE,A+,2.4,Straight,,
Blooming Garden,Blooming Garden 22,4539.0,84069.0,84069,ECODECO BLOOMING GARDEN,,12.1,0.0,270 gr,8022560840690.0,1.508,1.438,0.055,zero,0.53,10.05,12.0,0.036,18.096,GOOD,WASHABLE AND SCRUBBABLE,"D-­s3,d2",CE,A+,0.0,,,
Blooming Garden,Blooming Garden 22,4527.0,84070.0,84070,ECODECO BLOOMING GARDEN,,12.1,0.0,270 gr,8022560840706.0,1.508,1.438,0.055,zero,0.53,10.05,12.0,0.036,18.096,GOOD,WASHABLE AND SCRUBBABLE,"D-­s3,d2",CE,A+,0.0,,,
Blooming Garden,Blooming Garden 22,4517.0,84071.0,84071,ECODECO BLOOMING GARDEN,,12.1,0.0,270 gr,8022560840713.0,1.508,1.438,0.055,zero,0.53,10.05,12.0,0.036,18.096,GOOD,WASHABLE AND SCRUBBABLE,"D-­s3,d2",CE,A+,0.0,,,
Blooming Garden,Blooming Garden 22,4520.0,84072.0,84072,ECODECO BLOOMING GARDEN,,12.1,0.0,270 gr,8022560840720.0,1.508,1.438,0.055,zero,0.53,10.05,12.0,0.036,18.096,GOOD,WASHABLE AND SCRUBBABLE,"D-­s3,d2",CE,A+,0.0,,,
Blooming Garden,Blooming Garden 22,4535.0,84073.0,84073,ECODECO BLOOMING GARDEN,,12.1,0.0,270 gr,8022560840737.0,1.508,1.438,0.055,zero,0.53,10.05,12.0,0.036,18.096,GOOD,WASHABLE AND SCRUBBABLE,"D-­s3,d2",CE,A+,0.0,,,
Blooming Garden,Blooming Garden 22,4504.0,84079.0,84079,ECODECO BLOOMING GARDEN,,12.1,0.0,270 gr,8022560840799.0,1.508,1.438,0.06,zero,0.53,10.05,12.0,0.04,18.096,GOOD,WASHABLE AND SCRUBBABLE,"D-­s3,d2",CE,A+,0.0,,,
Amazzonia,Amazzonia,4448.0,22001.0,22001,TNT AMAZZONIA,,,,300 gr,8022560220010.0,1.67,1.6,,60 offset,,,12.0,,,GOOD,WASHABLE and SCRUBBABLE,"D-­s3,d2",CE,A+,60.0,Offset,,
Amazzonia,Amazzonia,4440.0,22002.0,22002,TNT AMAZZONIA,,,,300 gr,8022560220027.0,1.67,1.6,,60 offset,,,12.0,,,GOOD,WASHABLE and SCRUBBABLE,"D-­s3,d2",CE,A+,60.0,Offset,,
Amazzonia,Amazzonia,4444.0,22003.0,22003,TNT AMAZZONIA,,,,300 gr,8022560220034.0,1.67,1.6,,60 offset,,,12.0,,,GOOD,WASHABLE and SCRUBBABLE,"D-­s3,d2",CE,A+,60.0,Offset,,
Amazzonia,Amazzonia,4428.0,22004.0,22004,TNT AMAZZONIA,,,,300 gr,8022560220041.0,1.67,1.6,,60 offset,,,12.0,,,GOOD,WASHABLE and SCRUBBABLE,"D-­s3,d2",CE,A+,60.0,Offset,,
Amazzonia,Amazzonia,4418.0,22006.0,22006,TNT AMAZZONIA,,,,330 gr,8022560220065.0,1.818,1.757,,64 offset,,,12.0,,,GOOD,WASHABLE and SCRUBBABLE,"D-­s3,d2",CE,A+,64.0,Offset,,
Amazzonia,Amazzonia,4416.0,22007.0,22007,TNT AMAZZONIA,,,,330 gr,8022560220072.0,1.818,1.757,,64 offset,,,12.0,,,GOOD,WASHABLE and SCRUBBABLE,"D-­s3,d2",CE,A+,64.0,Offset,,
Amazzonia,Amazzonia,4411.0,22008.0,22008,TNT AMAZZONIA,,,,330 gr,8022560220089.0,1.818,1.757,,64 offset,,,12.0,,,GOOD,WASHABLE and SCRUBBABLE,"D-­s3,d2",CE,A+,64.0,Offset,,
Amazzonia,Amazzonia,4420.0,22009.0,22009,TNT AMAZZONIA,,,,330 gr,8022560220096.0,1.818,1.757,,64 offset,,,12.0,,,GOOD,WASHABLE and SCRUBBABLE,"D-­s3,d2",CE,A+,64.0,Offset,,
Amazzonia,Amazzonia,4435.0,22011.0,22011,TNT AMAZZONIA,,,,300 gr,8022560220119.0,1.661,1.6,,53 straight,,,12.0,,,GOOD,WASHABLE and SCRUBBABLE,"D-­s3,d2",CE,A+,53.0,Straight,,
Amazzonia,Amazzonia,4424.0,22012.0,22012,TNT AMAZZONIA,,,,300 gr,8022560220126.0,1.661,1.6,,53 straight,,,12.0,,,GOOD,WASHABLE and SCRUBBABLE,"D-­s3,d2",CE,A+,53.0,Straight,,
Amazzonia,Amazzonia,4443.0,22013.0,22013,TNT AMAZZONIA,,,,300 gr,8022560220133.0,1.661,1.6,,53 straight,,,12.0,,,GOOD,WASHABLE and SCRUBBABLE,"D-­s3,d2",CE,A+,53.0,Straight,,
Amazzonia,Amazzonia,4432.0,22014.0,22014,TNT AMAZZONIA,,,,300 gr,8022560220140.0,1.661,1.6,,53 straight,,,12.0,,,GOOD,WASHABLE and SCRUBBABLE,"D-­s3,d2",CE,A+,53.0,Straight,,
Amazzonia,Amazzonia,4404.0,22016.0,22016,TNT AMAZZONIA,,,,330 gr,8022560220164.0,1.818,1.757,,53 straight,,,12.0,,,GOOD,WASHABLE and SCRUBBABLE,"D-­s3,d2",CE,A+,53.0,Straight,,
Amazzonia,Amazzonia,4407.0,22017.0,22017,TNT AMAZZONIA,,,,330 gr,8022560220171.0,1.818,1.757,,53 straight,,,12.0,,,GOOD,WASHABLE and SCRUBBABLE,"D-­s3,d2",CE,A+,53.0,Straight,,
Amazzonia,Amazzonia,4401.0,22018.0,22018,TNT AMAZZONIA,,,,330 gr,8022560220188.0,1.818,1.757,,53 straight,,,12.0,,,GOOD,WASHABLE and SCRUBBABLE,"D-­s3,d2",CE,A+,53.0,Straight,,
Amazzonia,Amazzonia,4455.0,22021.0,22021,TNT AMAZZONIA,,,,330 gr,8022560220218.0,1.661,1.6,,60 offset,,,12.0,,,GOOD,WASHABLE and SCRUBBABLE,"D-­s3,d2",CE,A+,60.0,Offset,,
Amazzonia,Amazzonia,4451.0,22022.0,22022,TNT AMAZZONIA,,,,300 gr,8022560220225.0,1.661,1.6,,60 offset,,,12.0,,,GOOD,WASHABLE and SCRUBBABLE,"D-­s3,d2",CE,A+,60.0,Offset,,
Amazzonia,Amazzonia,4457.0,22023.0,22023,TNT AMAZZONIA,,,,300 gr,8022560220232.0,1.661,1.6,,60 offset,,,12.0,,,GOOD,WASHABLE and SCRUBBABLE,"D-­s3,d2",CE,A+,60.0,Offset,,
Amazzonia,Amazzonia,4427.0,22025.0,22025,TNT AMAZZONIA,,,,330 gr,8022560220256.0,1.83,1.757,,16 straight,,,12.0,,,GOOD,WASHABLE and SCRUBBABLE,"D-­s3,d2",CE,A+,16.0,Straight,,
Amazzonia,Amazzonia,4449.0,22026.0,22026,TNT AMAZZONIA,,,,330 gr,8022560220263.0,1.83,1.757,,16 straight,,,12.0,,,GOOD,WASHABLE and SCRUBBABLE,"D-­s3,d2",CE,A+,16.0,Straight,,
Amazzonia,Amazzonia,4442.0,22027.0,22027,TNT AMAZZONIA,,,,330 gr,8022560220270.0,1.83,1.757,,16 straight,,,12.0,,,GOOD,WASHABLE and SCRUBBABLE,"D-­s3,d2",CE,A+,16.0,Straight,,
Amazzonia,Amazzonia,4434.0,22028.0,22028,TNT AMAZZONIA,,,,330 gr,8022560220287.0,1.83,1.757,,16 straight,,,12.0,,,GOOD,WASHABLE and SCRUBBABLE,"D-­s3,d2",CE,A+,16.0,Straight,,
Amazzonia,Amazzonia,4445.0,22029.0,22029,TNT AMAZZONIA,,,,330 gr,8022560220294.0,1.83,1.757,,16 straight,,,12.0,,,GOOD,WASHABLE and SCRUBBABLE,"D-­s3,d2",CE,A+,16.0,Straight,,
Amazzonia,Amazzonia,4430.0,22031.0,22031,TNT AMAZZONIA,,,,330 gr,8022560220317.0,1.83,1.757,,"26,5 straight",,,12.0,,,GOOD,WASHABLE and SCRUBBABLE,"D-­s3,d2",CE,A+,26.5,Straight,,
Amazzonia,Amazzonia,4439.0,22032.0,22032,TNT AMAZZONIA,,,,330 gr,8022560220324.0,1.83,1.757,,"26,5 straight",,,12.0,,,GOOD,WASHABLE and SCRUBBABLE,"D-­s3,d2",CE,A+,26.5,Straight,,
Amazzonia,Amazzonia,4414.0,22033.0,22033,TNT AMAZZONIA,,,,330 gr,8022560220331.0,1.83,1.757,,"26,5 straight",,,12.0,,,GOOD,WASHABLE and SCRUBBABLE,"D-­s3,d2",CE,A+,26.5,Straight,,
Amazzonia,Amazzonia,4429.0,22034.0,22034,TNT AMAZZONIA,,,,330 gr,8022560220348.0,1.83,1.757,,"26,5 straight",,,12.0,,,GOOD,WASHABLE and SCRUBBABLE,"D-­s3,d2",CE,A+,26.5,Straight,,
Amazzonia,Amazzonia,4447.0,22036.0,22036,TNT AMAZZONIA,,,,330 gr,8022560220362.0,1.818,1.757,,"4,1 straight",,,12.0,,,GOOD,WASHABLE and SCRUBBABLE,"D-­s3,d2",CE,A+,4.1,Straight,,
Amazzonia,Amazzonia,4437.0,22037.0,22037,TNT AMAZZONIA,,,,330 gr,8022560220379.0,1.818,1.757,,"4,1 straight",,,12.0,,,GOOD,WASHABLE and SCRUBBABLE,"D-­s3,d2",CE,A+,4.1,Straight,,
Amazzonia,Amazzonia,4441.0,22038.0,22038,TNT AMAZZONIA,,,,330 gr,8022560220386.0,1.818,1.757,,"4,1 straight",,,12.0,,,GOOD,WASHABLE and SCRUBBABLE,"D-­s3,d2",CE,A+,4.1,Straight,,
Amazzonia,Amazzonia,4426.0,22039.0,22039,TNT AMAZZONIA,,,,330 gr,8022560220393.0,1.818,1.757,,"4,1 straight",,,12.0,,,GOOD,WASHABLE and SCRUBBABLE,"D-­s3,d2",CE,A+,4.1,Straight,,
Amazzonia,Amazzonia,4409.0,22040.0,22040,TNT AMAZZONIA,,,,330 gr,8022560220409.0,1.83,1.757,,"26,5 straight",,,12.0,,,GOOD,WASHABLE and SCRUBBABLE,"D-­s3,d2",CE,A+,26.5,Straight,,
Amazzonia,Amazzonia,4402.0,22041.0,22041,TNT AMAZZONIA,,,,330 gr,8022560220416.0,1.83,1.757,,"26,5 straight",,,12.0,,,GOOD,WASHABLE and SCRUBBABLE,"D-­s3,d2",CE,A+,26.5,Straight,,
Amazzonia,Amazzonia,4406.0,22042.0,22042,TNT AMAZZONIA,,,,330 gr,8022560220423.0,1.83,1.757,,"26,5 straight",,,12.0,,,GOOD,WASHABLE and SCRUBBABLE,"D-­s3,d2",CE,A+,26.5,Straight,,
Amazzonia,Amazzonia,4417.0,22045.0,22045,TNT AMAZZONIA,,,,330 gr,8022560220454.0,1.83,1.757,,"5,3 straight",,,12.0,,,GOOD,WASHABLE and SCRUBBABLE,"D-­s3,d2",CE,A+,5.3,Straight,,
Amazzonia,Amazzonia,4413.0,22046.0,22046,TNT AMAZZONIA,,,,330 gr,8022560220461.0,1.83,1.757,,"5,3 straight",,,12.0,,,GOOD,WASHABLE and SCRUBBABLE,"D-­s3,d2",CE,A+,5.3,Straight,,
Amazzonia,Amazzonia,4421.0,22047.0,22047,TNT AMAZZONIA,,,,330 gr,8022560220478.0,1.83,1.757,,"5,3 straight",,,12.0,,,GOOD,WASHABLE and SCRUBBABLE,"D-­s3,d2",CE,A+,5.3,Straight,,
Amazzonia,Amazzonia,4436.0,22050.0,22050,TNT AMAZZONIA,,,,300 gr,8022560220508.0,1.67,1.6,,"7,6 straight",,,12.0,,,GOOD,WASHABLE and SCRUBBABLE,"D-­s3,d2",CE,A+,7.6,Straight,,
Amazzonia,Amazzonia,4419.0,22051.0,22051,TNT AMAZZONIA,,,,300 gr,8022560220515.0,1.67,1.6,,"7,6 straight",,,12.0,,,GOOD,WASHABLE and SCRUBBABLE,"D-­s3,d2",CE,A+,7.6,Straight,,
Amazzonia,Amazzonia,4415.0,22052.0,22052,TNT AMAZZONIA,,,,300 gr,8022560220522.0,1.67,1.6,,"7,6 straight",,,12.0,,,GOOD,WASHABLE and SCRUBBABLE,"D-­s3,d2",CE,A+,7.6,Straight,,
Amazzonia,Amazzonia,4412.0,22053.0,22053,TNT AMAZZONIA,,,,300 gr,8022560220539.0,1.67,1.6,,"7,6 straight",,,12.0,,,GOOD,WASHABLE and SCRUBBABLE,"D-­s3,d2",CE,A+,7.6,Straight,,
Amazzonia,Amazzonia,4431.0,22054.0,22054,TNT AMAZZONIA,,,,300 gr,8022560220546.0,1.67,1.6,,"7,6 straight",,,12.0,,,GOOD,WASHABLE and SCRUBBABLE,"D-­s3,d2",CE,A+,7.6,Straight,,
Amazzonia,Amazzonia,4456.0,22056.0,22056,TNT AMAZZONIA,,,,330 gr,8022560220560.0,1.818,1.757,,"17,7 straight",,,12.0,,,GOOD,WASHABLE and SCRUBBABLE,"D-­s3,d2",CE,A+,17.7,Straight,,
Amazzonia,Amazzonia,4452.0,22057.0,22057,TNT AMAZZONIA,,,,330 gr,8022560220577.0,1.818,1.757,,"17,7 straight",,,12.0,,,GOOD,WASHABLE and SCRUBBABLE,"D-­s3,d2",CE,A+,17.7,Straight,,
Amazzonia,Amazzonia,4458.0,22058.0,22058,TNT AMAZZONIA,,,,330 gr,8022560220584.0,1.818,1.757,,"17,7 straight",,,12.0,,,GOOD,WASHABLE and SCRUBBABLE,"D-­s3,d2",CE,A+,17.7,Straight,,
Amazzonia,Amazzonia,4454.0,22059.0,22059,TNT AMAZZONIA,,,,330 gr,8022560220591.0,1.818,1.757,,"17,7 straight",,,12.0,,,GOOD,WASHABLE and SCRUBBABLE,"D-­s3,d2",CE,A+,17.7,Straight,,
Amazzonia,Amazzonia,4459.0,22067.0,22067,TNT AMAZZONIA,,,,300 gr,8022560220676.0,1.67,1.6,,53 straight,,,12.0,,,GOOD,WASHABLE and SCRUBBABLE,"D-­s3,d2",CE,A+,53.0,Straight,,
Amazzonia,Amazzonia,4403.0,22068.0,22068,TNT AMAZZONIA,,,,300 gr,8022560220683.0,1.67,1.6,,53 straight,,,12.0,,,GOOD,WASHABLE and SCRUBBABLE,"D-­s3,d2",CE,A+,53.0,Straight,,
Amazzonia,Amazzonia,4405.0,22072.0,22072,TNT AMAZZONIA,,,,300 gr,8022560220720.0,1.67,1.6,,53 straight,,,12.0,,,GOOD,WASHABLE and SCRUBBABLE,"D-­s3,d2",CE,A+,53.0,Straight,,
Amazzonia,Amazzonia,4438.0,22073.0,22073,TNT AMAZZONIA,,,,300 gr,8022560220737.0,1.67,1.6,,53 straight,,,12.0,,,GOOD,WASHABLE and SCRUBBABLE,"D-­s3,d2",CE,A+,53.0,Straight,,
Amazzonia,Amazzonia,4423.0,22074.0,22074,TNT AMAZZONIA,,,,300 gr,8022560220744.0,1.67,1.6,,53 straight,,,12.0,,,GOOD,WASHABLE and SCRUBBABLE,"D-­s3,d2",CE,A+,53.0,Straight,,
Amazzonia,Amazzonia,4408.0,22080.0,22080,TNT AMAZZONIA,,,,330 gr,8022560220805.0,1.83,1.757,,zero,,,12.0,,,GOOD,WASHABLE and SCRUBBABLE,"D-­s3,d2",CE,A+,0.0,,,
Amazzonia,Amazzonia,4433.0,22081.0,22081,TNT AMAZZONIA,,,,330 gr,8022560220812.0,1.83,1.757,,zero,,,12.0,,,GOOD,WASHABLE and SCRUBBABLE,"D-­s3,d2",CE,A+,0.0,,,
Amazzonia,Amazzonia,4450.0,22082.0,22082,TNT AMAZZONIA,,,,330 gr,8022560220829.0,1.83,1.757,,zero,,,12.0,,,GOOD,WASHABLE and SCRUBBABLE,"D-­s3,d2",CE,A+,0.0,,,
Amazzonia,Amazzonia,4453.0,22083.0,22083,TNT AMAZZONIA,,,,330 gr,8022560220836.0,1.83,1.757,,zero,,,12.0,,,GOOD,WASHABLE and SCRUBBABLE,"D-­s3,d2",CE,A+,0.0,,,
Amazzonia,Amazzonia,4425.0,22085.0,22085,TNT AMAZZONIA,,,,330 gr,8022560220850.0,1.83,1.757,,zero,,,12.0,,,GOOD,WASHABLE and SCRUBBABLE,"D-­s3,d2",CE,A+,0.0,,,
Amazzonia,Amazzonia,4410.0,22086.0,22086,TNT AMAZZONIA,,,,330 gr,8022560220867.0,1.83,1.757,,zero,,,12.0,,,GOOD,WASHABLE and SCRUBBABLE,"D-­s3,d2",CE,A+,0.0,,,
Amazzonia,Amazzonia,4446.0,22087.0,22087,TNT AMAZZONIA,,,,330 gr,8022560220874.0,1.83,1.757,,zero,,,12.0,,,GOOD,WASHABLE and SCRUBBABLE,"D-­s3,d2",CE,A+,0.0,,,
Amazzonia,Amazzonia,4422.0,22089.0,22089,TNT AMAZZONIA,,,,330 gr,8022560220898.0,1.83,1.757,,zero,,,12.0,,,GOOD,WASHABLE and SCRUBBABLE,"D-­s3,d2",CE,A+,0.0,,,
