Brand,Collection_Name,S.No.,Item No.,Article,DESIGN REPEAT cm,WIDTH m,LENGHT m,Repeat_1_Value,Repeat_1_Type,Repeat_2_Value,Repeat_2_Type,imagePath,pixelWidth,pixelHeight,scale
Cristiana Masi,Aura,47022,42201,42201,64 straight,1.06,10.05,64,Straight,,,/local-textures/Aura/42201.jpg,1772,1070,0.64
Cristiana Masi,Aura,47001,42202,42202,64 straight,1.06,10.05,64,Straight,,,/local-textures/Aura/42202.jpg,1772,1070,0.64
Cristiana Masi,Aura,47026,42203,42203,64 straight,1.06,10.05,64,Straight,,,/local-textures/Aura/42203.jpg,1772,1070,0.64
Cristiana Masi,Aura,47011,42204,42204,64 straight,1.06,10.05,64,Straight,,,/local-textures/Aura/42204.jpg,1772,1070,0.64
Cristiana Masi,Aura,47039,42205,42205,64 straight,1.06,10.05,64,Straight,,,/local-textures/Aura/42205.jpg,1772,1070,0.64
Cristiana Masi,Aura,47027,42206,42206,64 straight,1.06,10.05,64,Straight,,,/local-textures/Aura/42206.jpg,1772,1070,0.64
Cristiana Masi,Aura,47027,42206,42206,64 straight,1.06,10.05,64,Straight,,,/local-textures/Aura/42206.jpg,1772,1070,0.64
Cristiana Masi,Aura,47036,42207,42207,64 straight,1.06,10.05,64,Straight,,,/local-textures/Aura/42207.jpg,1772,1070,0.64
Cristiana Masi,Aura,47018,42209,42209,64 straight,1.06,10.05,64,Straight,,,/local-textures/Aura/42209.jpg,1772,1070,0.64
Cristiana Masi,Aura,47024,42210,42210,64 offset,1.06,10.05,64,Offset,,,/local-textures/Aura/42210.jpg,1772,1070,0.64
Cristiana Masi,Aura,47003,42211,42211,64 offset,1.06,10.05,64,Offset,,,/local-textures/Aura/42211.jpg,1772,1070,0.64
Cristiana Masi,Aura,47021,42212,42212,64 offset,1.06,10.05,64,Offset,,,/local-textures/Aura/42212.jpg,1772,1070,0.64
Cristiana Masi,Aura,47007,42213,42213,64 offset,1.06,10.05,64,Offset,,,/local-textures/Aura/42213.jpg,1772,1070,0.64
Cristiana Masi,Aura,47013,42214,42214,64 offset,1.06,10.05,64,Offset,,,/local-textures/Aura/42214.jpg,1772,1070,0.64
Cristiana Masi,Aura,47013,42214,42214,64 offset,1.06,10.05,64,Offset,,,/local-textures/Aura/42214.jpg,1772,1070,0.64
Cristiana Masi,Aura,47033,42215,42215,64 offset,1.06,10.05,64,Offset,,,/local-textures/Aura/42215.jpg,1772,1070,0.64
Cristiana Masi,Aura,47030,42216,42216,64 offset,1.06,10.05,64,Offset,,,/local-textures/Aura/42216.jpg,1772,1070,0.64
Cristiana Masi,Aura,47034,42217,42217,64 offset,1.06,10.05,64,Offset,,,/local-textures/Aura/42217.jpg,1772,1070,0.64
Cristiana Masi,Aura,47020,42219,42219,64 offset,1.06,10.05,64,Offset,,,/local-textures/Aura/42219.jpg,1772,1070,0.64
Cristiana Masi,Aura,47025,42220,42220,64 offset,1.06,10.05,64,Offset,,,/local-textures/Aura/42220.jpg,1772,1070,0.64
Cristiana Masi,Aura,47008,42223,42223,64 offset,1.06,10.05,64,Offset,,,/local-textures/Aura/42223.jpg,1772,1070,0.64
Cristiana Masi,Aura,47008,42223,42223,64 offset,1.06,10.05,64,Offset,,,/local-textures/Aura/42223.jpg,1772,1070,0.64
Cristiana Masi,Aura,47010,42224,42224,64 offset,1.06,10.05,64,Offset,,,/local-textures/Aura/42224.jpg,1772,1070,0.64
Cristiana Masi,Aura,47029,42226,42226,64 offset,1.06,10.05,64,Offset,,,/local-textures/Aura/42226.jpg,1772,1070,0.64
Cristiana Masi,Aura,47015,42228,42228,64 offset,1.06,10.05,64,Offset,,,/local-textures/Aura/42228.jpg,1772,1070,0.64
Cristiana Masi,Aura,47015,42228,42228,64 offset,1.06,10.05,64,Offset,,,/local-textures/Aura/42228.jpg,1772,1070,0.64
Cristiana Masi,Aura,47017,42229,42229,64 offset,1.06,10.05,64,Offset,,,/local-textures/Aura/42229.jpg,1772,1070,0.64
Cristiana Masi,Aura,47028,42231,42231,64 offset,1.06,10.05,64,Offset,,,/local-textures/Aura/42231.jpg,1772,1070,0.64
Cristiana Masi,Aura,47009,42233,42233,64 offset,1.06,10.05,64,Offset,,,/local-textures/Aura/42233.jpg,1772,1070,0.64
Cristiana Masi,Aura,47016,42234,42234,64 offset,1.06,10.05,64,Offset,,,/local-textures/Aura/42234.jpg,1772,1070,0.64
Cristiana Masi,Aura,47012,42244,42244,zero/53 straight,1.06,10.05,0,,53,Straight,/local-textures/Aura/42244.jpg,1772,886,0.53
Cristiana Masi,Aura,47038,42245,42245,zero/53 straight,1.06,10.05,0,,53,Straight,/local-textures/Aura/42245.jpg,1772,886,0.53
Cristiana Masi,Aura,47037,42247,42247,zero/53 straight,1.06,10.05,0,,53,Straight,/local-textures/Aura/42247.jpg,1772,886,0.53
Cristiana Masi,Aura,47019,42249,42249,zero/53 straight,1.06,10.05,0,,53,Straight,/local-textures/Aura/42249.jpg,1772,886,0.53
Cristiana Masi,Aura,47023,42260,42260,zero/53 straight,1.06,10.05,0,,53,Straight,/local-textures/Aura/42260.jpg,1772,886,0.53
Cristiana Masi,Aura,47002,42261,42261,zero/53 straight,1.06,10.05,0,,53,Straight,/local-textures/Aura/42261.jpg,1772,886,0.53
Cristiana Masi,Aura,47002,42261,42261,zero/53 straight,1.06,10.05,0,,53,Straight,/local-textures/Aura/42261.jpg,1772,886,0.53
Cristiana Masi,Aura,47004,42262,42262,zero/53 straight,1.06,10.05,0,,53,Straight,/local-textures/Aura/42262.jpg,1772,886,0.53
Cristiana Masi,Aura,47004,42262,42262,zero/53 straight,1.06,10.05,0,,53,Straight,/local-textures/Aura/42262.jpg,1772,886,0.53
Cristiana Masi,Aura,47004,42262,42262,zero/53 straight,1.06,10.05,0,,53,Straight,/local-textures/Aura/42262.jpg,1772,886,0.53
Cristiana Masi,Aura,47005,42263,42263,zero/53 straight,1.06,10.05,0,,53,Straight,/local-textures/Aura/42263.jpg,1772,886,0.53
Cristiana Masi,Aura,47005,42263,42263,zero/53 straight,1.06,10.05,0,,53,Straight,/local-textures/Aura/42263.jpg,1772,886,0.53
Cristiana Masi,Aura,47014,42264,42264,zero/53 straight,1.06,10.05,0,,53,Straight,/local-textures/Aura/42264.jpg,1772,886,0.53
Cristiana Masi,Aura,47035,42265,42265,zero/53 straight,1.06,10.05,0,,53,Straight,/local-textures/Aura/42265.jpg,1772,886,0.53
Cristiana Masi,Aura,47031,42266,42266,zero/53 straight,1.06,10.05,0,,53,Straight,/local-textures/Aura/42266.jpg,1772,886,0.53
Cristiana Masi,Aura,47006,42272,42272,zero/53 straight,1.06,10.05,0,,53,Straight,/local-textures/Aura/42272.jpg,1772,886,0.53
Cristiana Masi,Aura,47006,42272,42272,zero/53 straight,1.06,10.05,0,,53,Straight,/local-textures/Aura/42272.jpg,1772,886,0.53
Cristiana Masi,Aura,47032,42275,42275,zero/53 straight,1.06,10.05,0,,53,Straight,/local-textures/Aura/42275.jpg,1772,886,0.53
Cristiana Masi,Botany House,44141,15501,15501,53 straight,0.53,10.05,53,Straight,,,/local-textures/Botany House/15501.jpg,992,992,0.53
Cristiana Masi,Botany House,44106,15502,15502,53 straight,0.53,10.05,53,Straight,,,/local-textures/Botany House/15502.jpg,992,992,0.53
Cristiana Masi,Botany House,44122,15503,15503,53 straight,0.53,10.05,53,Straight,,,/local-textures/Botany House/15503.jpg,992,992,0.53
Cristiana Masi,Botany House,44144,15513,15513,53 straight,0.53,10.05,53,Straight,,,/local-textures/Botany House/15513.jpg,992,992,0.53
Cristiana Masi,Botany House,44113,15514,15514,53 straight,0.53,10.05,53,Straight,,,/local-textures/Botany House/15514.jpg,992,992,0.53
Cristiana Masi,Botany House,44101,15515,15515,53 straight,0.53,10.05,53,Straight,,,/local-textures/Botany House/15515.jpg,992,992,0.53
Cristiana Masi,Botany House,44150,15516,15516,53 straight,0.53,10.05,53,Straight,,,/local-textures/Botany House/15516.jpg,992,992,0.53
Cristiana Masi,Botany House,44111,15517,15517,53 straight,0.53,10.05,53,Straight,,,/local-textures/Botany House/15517.jpg,992,992,0.53
Cristiana Masi,Botany House,44120,15518,15518,53 straight,0.53,10.05,53,Straight,,,/local-textures/Botany House/15518.jpg,992,992,0.53
Cristiana Masi,Botany House,44107,15519,15519,53 straight,0.53,10.05,53,Straight,,,/local-textures/Botany House/15519.jpg,992,992,0.53
Cristiana Masi,Botany House,44130,15521,15521,60 straight,0.53,10.05,60,Straight,,,/local-textures/Botany House/15521.jpg,992,1123,0.6
Cristiana Masi,Botany House,44116,15523,15523,60 straight,0.53,10.05,60,Straight,,,/local-textures/Botany House/15523.jpg,992,1123,0.6
Cristiana Masi,Botany House,44128,15524,15524,60 straight,0.53,10.05,60,Straight,,,/local-textures/Botany House/15524.jpg,992,1123,0.6
Cristiana Masi,Botany House,44146,15525,15525,60 straight,0.53,10.05,60,Straight,,,/local-textures/Botany House/15525.jpg,992,1123,0.6
Cristiana Masi,Botany House,44135,15527,15527,53 straight,0.53,10.05,53,Straight,,,/local-textures/Botany House/15527.jpg,992,992,0.53
Cristiana Masi,Botany House,44126,15528,15528,53 straight,0.53,10.05,53,Straight,,,/local-textures/Botany House/15528.jpg,992,992,0.53
Cristiana Masi,Botany House,44139,15529,15529,53 straight,0.53,10.05,53,Straight,,,/local-textures/Botany House/15529.jpg,992,992,0.53
Cristiana Masi,Botany House,44133,15531,15531,53 straight,0.53,10.05,53,Straight,,,/local-textures/Botany House/15531.jpg,992,992,0.53
Cristiana Masi,Botany House,44114,15534,15534,53 straight,0.53,10.05,53,Straight,,,/local-textures/Botany House/15534.jpg,992,992,0.53
Cristiana Masi,Botany House,44103,15535,15535,53 straight,0.53,10.05,53,Straight,,,/local-textures/Botany House/15535.jpg,992,992,0.53
Cristiana Masi,Botany House,44147,15536,15536,53 offset,0.53,10.05,53,Offset,,,/local-textures/Botany House/15536.jpg,992,992,0.53
Cristiana Masi,Botany House,44137,15537,15537,53 offset,0.53,10.05,53,Offset,,,/local-textures/Botany House/15537.jpg,992,992,0.53
Cristiana Masi,Botany House,44110,15538,15538,53 offset,0.53,10.05,53,Offset,,,/local-textures/Botany House/15538.jpg,992,992,0.53
Cristiana Masi,Botany House,44109,15539,15539,53 offset,0.53,10.05,53,Offset,,,/local-textures/Botany House/15539.jpg,992,992,0.53
Cristiana Masi,Botany House,44154,15547,15547,64 offset,0.53,10.05,64,Offset,,,/local-textures/Botany House/15547.jpg,992,1198,0.64
Cristiana Masi,Botany House,44124,15548,15548,64 offset,0.53,10.05,64,Offset,,,/local-textures/Botany House/15548.jpg,992,1198,0.64
Cristiana Masi,Botany House,44123,15549,15549,64 offset,0.53,10.05,64,Offset,,,/local-textures/Botany House/15549.jpg,992,1198,0.64
Cristiana Masi,Botany House,44134,15551,15551,53 straight,0.53,10.05,53,Straight,,,/local-textures/Botany House/15551.jpg,992,992,0.53
Cristiana Masi,Botany House,44108,15552,15552,53 straight,0.53,10.05,53,Straight,,,/local-textures/Botany House/15552.jpg,992,992,0.53
Cristiana Masi,Botany House,44112,15553,15553,53 straight,0.53,10.05,53,Straight,,,/local-textures/Botany House/15553.jpg,992,992,0.53
Cristiana Masi,Botany House,44136,15555,15555,53 straight,0.53,10.05,53,Straight,,,/local-textures/Botany House/15555.jpg,992,992,0.53
Cristiana Masi,Botany House,44132,15556,15556,53 straight,0.53,10.05,53,Straight,,,/local-textures/Botany House/15556.jpg,992,992,0.53
Cristiana Masi,Botany House,44131,15557,15557,53 straight,0.53,10.05,53,Straight,,,/local-textures/Botany House/15557.jpg,992,992,0.53
Cristiana Masi,Botany House,44115,15559,15559,53 straight,0.53,10.05,53,Straight,,,/local-textures/Botany House/15559.jpg,992,992,0.53
Cristiana Masi,Botany House,44145,15565,15565,32 straight,0.53,10.05,32,Straight,,,/local-textures/Botany House/15565.jpg,992,1198,0.64
Cristiana Masi,Botany House,44105,15566,15566,32 straight,0.53,10.05,32,Straight,,,/local-textures/Botany House/15566.jpg,992,1198,0.64
Cristiana Masi,Botany House,44121,15567,15567,32 straight,0.53,10.05,32,Straight,,,/local-textures/Botany House/15567.jpg,992,1198,0.64
Cristiana Masi,Botany House,44127,15568,15568,32 straight,0.53,10.05,32,Straight,,,/local-textures/Botany House/15568.jpg,992,1198,0.64
Cristiana Masi,Botany House,44138,15569,15569,32 straight,0.53,10.05,32,Straight,,,/local-textures/Botany House/15569.jpg,992,1198,0.64
Cristiana Masi,Botany House,44129,15571,15571,"17,7 straight",0.53,10.05,17.7,Straight,,,/local-textures/Botany House/15571.jpg,992,992,0.53
Cristiana Masi,Botany House,44143,15575,15575,"17,7 straight",0.53,10.05,17.7,Straight,,,/local-textures/Botany House/15575.jpg,992,992,0.53
Cristiana Masi,Botany House,44102,15576,15576,"17,7 straight",0.53,10.05,17.7,Straight,,,/local-textures/Botany House/15576.jpg,992,992,0.53
Cristiana Masi,Botany House,44155,15577,15577,"17,7 straight",0.53,10.05,17.7,Straight,,,/local-textures/Botany House/15577.jpg,992,992,0.53
Cristiana Masi,Botany House,44125,15578,15578,"17,7 straight",0.53,10.05,17.7,Straight,,,/local-textures/Botany House/15578.jpg,992,992,0.53
Cristiana Masi,Botany House,44149,15579,15579,"17,7 straight",0.53,10.05,17.7,Straight,,,/local-textures/Botany House/15579.jpg,992,992,0.53
Cristiana Masi,Botany House,44142,15580,15580,zero,0.53,10.05,0,,,,/local-textures/Botany House/15580.jpg,992,992,0.53
Cristiana Masi,Botany House,44104,15581,15581,zero,0.53,10.05,0,,,,/local-textures/Botany House/15581.jpg,992,992,0.53
Cristiana Masi,Botany House,44119,15582,15582,zero,0.53,10.05,0,,,,/local-textures/Botany House/15582.jpg,992,992,0.53
Cristiana Masi,Botany House,44119,15582,15582,zero,0.53,10.05,0,,,,/local-textures/Botany House/15582.jpg,992,992,0.53
Cristiana Masi,Botany House,44117,15583,15583,zero,0.53,10.05,0,,,,/local-textures/Botany House/15583.jpg,992,992,0.53
Cristiana Masi,Botany House,44118,15584,15584,zero,0.53,10.05,0,,,,/local-textures/Botany House/15584.jpg,992,992,0.53
Cristiana Masi,Botany House,44151,15586,15586,zero,0.53,10.05,0,,,,/local-textures/Botany House/15586.jpg,992,992,0.53
Cristiana Masi,Botany House,44153,15587,15587,zero,0.53,10.05,0,,,,/local-textures/Botany House/15587.jpg,992,992,0.53
Cristiana Masi,Botany House,44152,15588,15588,zero,0.53,10.05,0,,,,/local-textures/Botany House/15588.jpg,992,992,0.53
Cristiana Masi,Botany House,44140,15589,15589,zero,0.53,10.05,0,,,,/local-textures/Botany House/15589.jpg,992,992,0.53
Cristiana Masi,Botany House,44148,15595,15595,zero,0.53,10.05,0,,,,/local-textures/Botany House/15595.jpg,992,992,0.53
Cristiana Masi,Tradizioni,41315,33301,33301,53 offset,0.53,10.05,53,Offset,,,/local-textures/Tradizioni/33301.jpg,1565,1565,0.53
Cristiana Masi,Tradizioni,41341,33302,33302,53 offset,0.53,10.05,53,Offset,,,/local-textures/Tradizioni/33302.jpg,1565,1565,0.53
Cristiana Masi,Tradizioni,41328,33303,33303,53 offset,0.53,10.05,53,Offset,,,/local-textures/Tradizioni/33303.jpg,1565,1565,0.53
Cristiana Masi,Tradizioni,41301,33305,33305,53 offset,0.53,10.05,53,Offset,,,/local-textures/Tradizioni/33305.jpg,1565,1565,0.53
Cristiana Masi,Tradizioni,41319,33306,33306,53 offset,0.53,10.05,53,Offset,,,/local-textures/Tradizioni/33306.jpg,1565,1565,0.53
Cristiana Masi,Tradizioni,41345,33307,33307,53 offset,0.53,10.05,53,Offset,,,/local-textures/Tradizioni/33307.jpg,1565,1565,0.53
Cristiana Masi,Tradizioni,41332,33308,33308,53 offset,0.53,10.05,53,Offset,,,/local-textures/Tradizioni/33308.jpg,1565,1565,0.53
Cristiana Masi,Tradizioni,41335,33310,33310,53 straight,0.53,10.05,53,Straight,,,/local-textures/Tradizioni/33310.jpg,1565,1565,0.53
Cristiana Masi,Tradizioni,41318,33311,33311,53 straight,0.53,10.05,53,Straight,,,/local-textures/Tradizioni/33311.jpg,1565,1565,0.53
Cristiana Masi,Tradizioni,41342,33312,33312,53 straight,0.53,10.05,53,Straight,,,/local-textures/Tradizioni/33312.jpg,1565,1565,0.53
Cristiana Masi,Tradizioni,41308,33314,33314,53 straight,0.53,10.05,53,Straight,,,/local-textures/Tradizioni/33314.jpg,1565,1565,0.53
Cristiana Masi,Tradizioni,41306,33315,33315,53 straight,0.53,10.05,53,Straight,,,/local-textures/Tradizioni/33315.jpg,1565,1565,0.53
Cristiana Masi,Tradizioni,41329,33316,33316,53 straight,0.53,10.05,53,Straight,,,/local-textures/Tradizioni/33316.jpg,1565,1565,0.53
Cristiana Masi,Tradizioni,41303,33317,33317,53 straight,0.53,10.05,53,Straight,,,/local-textures/Tradizioni/33317.jpg,1565,1565,0.53
Cristiana Masi,Tradizioni,41336,33319,33319,53 straight,0.53,10.05,53,Straight,,,/local-textures/Tradizioni/33319.jpg,1565,1565,0.53
Cristiana Masi,Tradizioni,41347,33330,33330,28 straight,0.53,10.05,28,Straight,,,/local-textures/Tradizioni/33330.jpg,1565,1884,0.64
Cristiana Masi,Tradizioni,41349,33332,33332,28 straight,0.53,10.05,28,Straight,,,/local-textures/Tradizioni/33332.jpg,1565,1884,0.64
Cristiana Masi,Tradizioni,41346,33333,33333,28 straight,0.53,10.05,28,Straight,,,/local-textures/Tradizioni/33333.jpg,1565,1884,0.64
Cristiana Masi,Tradizioni,41331,33334,33334,28 straight,0.53,10.05,28,Straight,,,/local-textures/Tradizioni/33334.jpg,1565,1884,0.64
Cristiana Masi,Tradizioni,41322,33336,33336,28 straight,0.53,10.05,28,Straight,,,/local-textures/Tradizioni/33336.jpg,1565,1884,0.64
Cristiana Masi,Tradizioni,41313,33337,33337,28 straight,0.53,10.05,28,Straight,,,/local-textures/Tradizioni/33337.jpg,1565,1884,0.64
Cristiana Masi,Tradizioni,41324,33351,33351,53 straight,0.53,10.05,53,Straight,,,/local-textures/Tradizioni/33351.jpg,1565,1565,0.53
Cristiana Masi,Tradizioni,41305,33355,33355,53 straight,0.53,10.05,53,Straight,,,/local-textures/Tradizioni/33355.jpg,1565,1565,0.53
Cristiana Masi,Tradizioni,41326,33356,33356,53 straight,0.53,10.05,53,Straight,,,/local-textures/Tradizioni/33356.jpg,1565,1565,0.53
Cristiana Masi,Tradizioni,41302,33357,33357,53 straight,0.53,10.05,53,Straight,,,/local-textures/Tradizioni/33357.jpg,1565,1565,0.53
Cristiana Masi,Tradizioni,41333,33358,33358,53 straight,0.53,10.05,53,Straight,,,/local-textures/Tradizioni/33358.jpg,1565,1565,0.53
Cristiana Masi,Tradizioni,41309,33363,33363,zero,0.53,10.05,0,,,,/local-textures/Tradizioni/33363.jpg,1565,1565,0.53
Cristiana Masi,Tradizioni,41310,33364,33364,zero,0.53,10.05,0,,,,/local-textures/Tradizioni/33364.jpg,1565,1565,0.53
Cristiana Masi,Tradizioni,41337,33365,33365,zero,0.53,10.05,0,,,,/local-textures/Tradizioni/33365.jpg,1565,1565,0.53
Cristiana Masi,Tradizioni,41314,33366,33366,zero,0.53,10.05,0,,,,/local-textures/Tradizioni/33366.jpg,1565,1565,0.53
Cristiana Masi,Tradizioni,41311,33367,33367,zero,0.53,10.05,0,,,,/local-textures/Tradizioni/33367.jpg,1565,1565,0.53
Cristiana Masi,Tradizioni,41330,33369,33369,zero,0.53,10.05,0,,,,/local-textures/Tradizioni/33369.jpg,1565,1565,0.53
Cristiana Masi,Tradizioni,41321,33371,33371,zero,0.53,10.05,0,,,,/local-textures/Tradizioni/33371.jpg,1565,1565,0.53
Cristiana Masi,Tradizioni,41339,33372,33372,zero,0.53,10.05,0,,,,/local-textures/Tradizioni/33372.jpg,1565,1565,0.53
Cristiana Masi,Tradizioni,41317,33373,33373,zero,0.53,10.05,0,,,,/local-textures/Tradizioni/33373.jpg,1565,1565,0.53
Cristiana Masi,Tradizioni,41325,33374,33374,zero,0.53,10.05,0,,,,/local-textures/Tradizioni/33374.jpg,1565,1565,0.53
Cristiana Masi,Tradizioni,41340,33375,33375,zero,0.53,10.05,0,,,,/local-textures/Tradizioni/33375.jpg,1565,1565,0.53
Cristiana Masi,Tradizioni,41348,33380,33380,zero/53 straight,0.53,10.05,0,,53,Straight,/local-textures/Tradizioni/33380.jpg,1565,1565,0.53
Cristiana Masi,Tradizioni,41323,33381,33381,zero/53 straight,0.53,10.05,0,,53,Straight,/local-textures/Tradizioni/33381.jpg,1565,1565,0.53
Cristiana Masi,Tradizioni,41344,33382,33382,zero/53 straight,0.53,10.05,0,,53,Straight,/local-textures/Tradizioni/33382.jpg,1565,1565,0.53
Cristiana Masi,Tradizioni,41316,33383,33383,zero/53 straight,0.53,10.05,0,,53,Straight,/local-textures/Tradizioni/33383.jpg,1565,1565,0.53
Cristiana Masi,Tradizioni,41334,33384,33384,zero/53 straight,0.53,10.05,0,,53,Straight,/local-textures/Tradizioni/33384.jpg,1565,1565,0.53
Cristiana Masi,Tradizioni,41320,33386,33386,zero/53 straight,0.53,10.05,0,,53,Straight,/local-textures/Tradizioni/33386.jpg,1565,1565,0.53
Cristiana Masi,Tradizioni,41343,33387,33387,zero/53 straight,0.53,10.05,0,,53,Straight,/local-textures/Tradizioni/33387.jpg,1565,1565,0.53
Cristiana Masi,Tradizioni,41338,33392,33392,zero/53 straight,0.53,10.05,0,,53,Straight,/local-textures/Tradizioni/33392.jpg,1565,1565,0.53
Cristiana Masi,Tradizioni,41312,33393,33393,zero/53 straight,0.53,10.05,0,,53,Straight,/local-textures/Tradizioni/33393.jpg,1565,1565,0.53
Cristiana Masi,Tradizioni,41304,33394,33394,zero/53 straight,0.53,10.05,0,,53,Straight,/local-textures/Tradizioni/33394.jpg,1565,1565,0.53
Cristiana Masi,Tradizioni,41307,33395,33395,zero/53 straight,0.53,10.05,0,,53,Straight,/local-textures/Tradizioni/33395.jpg,1565,1565,0.53
Cristiana Masi,Tradizioni,41327,33396,33396,zero/53 straight,0.53,10.05,0,,53,Straight,/local-textures/Tradizioni/33396.jpg,1565,1565,0.53
Cristiana Masi,Thai,41235,26400,26400,53 straight,0.53,10.05,53,Straight,,,/local-textures/Thai/26400.jpg,1502,1502,0.53
Cristiana Masi,Thai,41240,26401,26401,53 straight,0.53,10.05,53,Straight,,,/local-textures/Thai/26401.jpg,1502,1502,0.53
Cristiana Masi,Thai,41208,26403,26403,53 straight,0.53,10.05,53,Straight,,,/local-textures/Thai/26403.jpg,1502,1502,0.53
Cristiana Masi,Thai,41241,26405,26405,53 straight,0.53,10.05,53,Straight,,,/local-textures/Thai/26405.jpg,1502,1502,0.53
Cristiana Masi,Thai,41246,26407,26407,53 straight,0.53,10.05,53,Straight,,,/local-textures/Thai/26407.jpg,1502,1502,0.53
Cristiana Masi,Thai,41201,26408,26408,53 straight,0.53,10.05,53,Straight,,,/local-textures/Thai/26408.jpg,1502,1502,0.53
Cristiana Masi,Thai,41226,26409,26409,53 straight,0.53,10.05,53,Straight,,,/local-textures/Thai/26409.jpg,1502,1502,0.53
Cristiana Masi,Thai,41232,26410,26410,53 offset,0.53,10.05,53,Offset,,,/local-textures/Thai/26410.jpg,1502,1502,0.53
Cristiana Masi,Thai,41207,26413,26413,53 offset,0.53,10.05,53,Offset,,,/local-textures/Thai/26413.jpg,1502,1502,0.53
Cristiana Masi,Thai,41244,26415,26415,53 offset,0.53,10.05,53,Offset,,,/local-textures/Thai/26415.jpg,1502,1502,0.53
Cristiana Masi,Thai,41220,26416,26416,53 offset,0.53,10.05,53,Offset,,,/local-textures/Thai/26416.jpg,1502,1502,0.53
Cristiana Masi,Thai,41213,26417,26417,53 offset,0.53,10.05,53,Offset,,,/local-textures/Thai/26417.jpg,1502,1502,0.53
Cristiana Masi,Thai,41239,26419,26419,53 offset,0.53,10.05,53,Offset,,,/local-textures/Thai/26419.jpg,1502,1502,0.53
Cristiana Masi,Thai,41237,26421,26421,53 straight,0.53,10.05,53,Straight,,,/local-textures/Thai/26421.jpg,1502,1502,0.53
Cristiana Masi,Thai,41243,26425,26425,53 straight,0.53,10.05,53,Straight,,,/local-textures/Thai/26425.jpg,1502,1502,0.53
Cristiana Masi,Thai,41218,26426,26426,53 straight,0.53,10.05,53,Straight,,,/local-textures/Thai/26426.jpg,1502,1502,0.53
Cristiana Masi,Thai,41225,26427,26427,53 straight,0.53,10.05,53,Straight,,,/local-textures/Thai/26427.jpg,1502,1502,0.53
Cristiana Masi,Thai,41230,26433,26433,64 offset,0.53,10.05,64,Offset,,,/local-textures/Thai/26433.jpg,1502,1814,0.64
Cristiana Masi,Thai,41217,26436,26436,64 offset,0.53,10.05,64,Offset,,,/local-textures/Thai/26436.jpg,1502,1814,0.64
Cristiana Masi,Thai,41223,26437,26437,64 offset,0.53,10.05,64,Offset,,,/local-textures/Thai/26437.jpg,1502,1814,0.64
Cristiana Masi,Thai,41202,26438,26438,64 offset,0.53,10.05,64,Offset,,,/local-textures/Thai/26438.jpg,1502,1814,0.64
Cristiana Masi,Thai,41212,26453,26453,zero,0.53,10.05,0,,,,/local-textures/Thai/26453.jpg,1502,1502,0.53
Cristiana Masi,Thai,41214,26456,26456,zero,0.53,10.05,0,,,,/local-textures/Thai/26456.jpg,1502,1502,0.53
Cristiana Masi,Thai,41236,26459,26459,zero,0.53,10.05,0,,,,/local-textures/Thai/26459.jpg,1502,1502,0.53
Cristiana Masi,Thai,41219,26461,26461,53 straight,0.53,10.05,53,Straight,,,/local-textures/Thai/26461.jpg,1502,1502,0.53
Cristiana Masi,Thai,41211,26463,26463,53 straight,0.53,10.05,53,Straight,,,/local-textures/Thai/26463.jpg,1502,1502,0.53
Cristiana Masi,Thai,41227,26464,26464,53 straight,0.53,10.05,53,Straight,,,/local-textures/Thai/26464.jpg,1502,1502,0.53
Cristiana Masi,Thai,41206,26465,26465,53 straight,0.53,10.05,53,Straight,,,/local-textures/Thai/26465.jpg,1502,1502,0.53
Cristiana Masi,Thai,41222,26466,26466,53 straight,0.53,10.05,53,Straight,,,/local-textures/Thai/26466.jpg,1502,1502,0.53
Cristiana Masi,Thai,41245,26467,26467,53 straight,0.53,10.05,53,Straight,,,/local-textures/Thai/26467.jpg,1502,1502,0.53
Cristiana Masi,Thai,41204,26468,26468,53 straight,0.53,10.05,53,Straight,,,/local-textures/Thai/26468.jpg,1502,1502,0.53
Cristiana Masi,Thai,41216,26469,26469,53 straight,0.53,10.05,53,Straight,,,/local-textures/Thai/26469.jpg,1502,1502,0.53
Cristiana Masi,Thai,41231,26471,26471,zero,0.53,10.05,0,,,,/local-textures/Thai/26471.jpg,1502,1502,0.53
Cristiana Masi,Thai,41215,26472,26472,zero,0.53,10.05,0,,,,/local-textures/Thai/26472.jpg,1502,1502,0.53
Cristiana Masi,Thai,41205,26473,26473,zero,0.53,10.05,0,,,,/local-textures/Thai/26473.jpg,1502,1502,0.53
Cristiana Masi,Thai,41242,26475,26475,zero,0.53,10.05,0,,,,/local-textures/Thai/26475.jpg,1502,1502,0.53
Cristiana Masi,Thai,41221,26476,26476,zero,0.53,10.05,0,,,,/local-textures/Thai/26476.jpg,1502,1502,0.53
Cristiana Masi,Thai,41234,26478,26478,zero,0.53,10.05,0,,,,/local-textures/Thai/26478.jpg,1502,1502,0.53
Cristiana Masi,Thai,41233,26480,26480,zero,0.53,10.05,0,,,,/local-textures/Thai/26480.jpg,1502,1502,0.53
Cristiana Masi,Thai,41238,26481,26481,zero,0.53,10.05,0,,,,/local-textures/Thai/26481.jpg,1502,1502,0.53
Cristiana Masi,Thai,41209,26482,26482,zero,0.53,10.05,0,,,,/local-textures/Thai/26482.jpg,1502,1502,0.53
Cristiana Masi,Thai,41228,26484,26484,zero,0.53,10.05,0,,,,/local-textures/Thai/26484.jpg,1502,1502,0.53
Cristiana Masi,Thai,41203,26485,26485,zero,0.53,10.05,0,,,,/local-textures/Thai/26485.jpg,1502,1502,0.53
Cristiana Masi,Thai,41224,26487,26487,zero,0.53,10.05,0,,,,/local-textures/Thai/26487.jpg,1502,1502,0.53
Cristiana Masi,Thai,41229,26488,26488,zero,0.53,10.05,0,,,,/local-textures/Thai/26488.jpg,1502,1502,0.53
Cristiana Masi,Thai,41210,26489,26489,zero,0.53,10.05,0,,,,/local-textures/Thai/26489.jpg,1502,1502,0.53
Cristiana Masi,Energie,41109,30101,30101,53 straight,0.53,10.05,53,Straight,,,/local-textures/Energie/30101.jpg,1502,1502,0.53
Cristiana Masi,Energie,41103,30103,30103,53 straight,0.53,10.05,53,Straight,,,/local-textures/Energie/30103.jpg,1502,1502,0.53
Cristiana Masi,Energie,41120,30105,30105,53 straight,0.53,10.05,53,Straight,,,/local-textures/Energie/30105.jpg,1502,1502,0.53
Cristiana Masi,Energie,41101,30106,30106,53 straight,0.53,10.05,53,Straight,,,/local-textures/Energie/30106.jpg,1502,1502,0.53
Cristiana Masi,Energie,41106,30107,30107,53 straight,0.53,10.05,53,Straight,,,/local-textures/Energie/30107.jpg,1502,1502,0.53
Cristiana Masi,Energie,41134,30114,30114,53 straight,0.53,10.05,53,Straight,,,/local-textures/Energie/30114.jpg,1502,1502,0.53
Cristiana Masi,Energie,41137,30115,30115,53 straight,0.53,10.05,53,Straight,,,/local-textures/Energie/30115.jpg,1502,1502,0.53
Cristiana Masi,Energie,41131,30116,30116,53 straight,0.53,10.05,53,Straight,,,/local-textures/Energie/30116.jpg,1502,1502,0.53
Cristiana Masi,Energie,41139,30117,30117,53 straight,0.53,10.05,53,Straight,,,/local-textures/Energie/30117.jpg,1502,1502,0.53
Cristiana Masi,Energie,41127,30126,30126,53 offset,0.53,10.05,53,Offset,,,/local-textures/Energie/30126.jpg,1502,1502,0.53
Cristiana Masi,Energie,41115,30128,30128,53 offset,0.53,10.05,53,Offset,,,/local-textures/Energie/30128.jpg,1502,1502,0.53
Cristiana Masi,Energie,41125,30129,30129,53 offset,0.53,10.05,53,Offset,,,/local-textures/Energie/30129.jpg,1502,1502,0.53
Cristiana Masi,Energie,41105,30136,30136,zero,0.53,10.05,0,,,,/local-textures/Energie/30136.jpg,1502,1502,0.53
Cristiana Masi,Energie,41119,30137,30137,zero,0.53,10.05,0,,,,/local-textures/Energie/30137.jpg,1502,1502,0.53
Cristiana Masi,Energie,41133,30138,30138,zero,0.53,10.05,0,,,,/local-textures/Energie/30138.jpg,1502,1502,0.53
Cristiana Masi,Energie,41110,30139,30139,zero,0.53,10.05,0,,,,/local-textures/Energie/30139.jpg,1502,1502,0.53
Cristiana Masi,Energie,41117,30143,30143,53 offset,0.53,10.05,53,Offset,,,/local-textures/Energie/30143.jpg,1502,1502,0.53
Cristiana Masi,Energie,41129,30144,30144,53 offset,0.53,10.05,53,Offset,,,/local-textures/Energie/30144.jpg,1502,1502,0.53
Cristiana Masi,Energie,41124,30145,30145,53 offset,0.53,10.05,53,Offset,,,/local-textures/Energie/30145.jpg,1502,1502,0.53
Cristiana Masi,Energie,41128,30146,30146,53 straight,0.53,10.05,53,Straight,,,/local-textures/Energie/30146.jpg,1502,1502,0.53
Cristiana Masi,Energie,41126,30147,30147,53 straight,0.53,10.05,53,Straight,,,/local-textures/Energie/30147.jpg,1502,1502,0.53
Cristiana Masi,Energie,41116,30148,30148,53 straight,0.53,10.05,53,Straight,,,/local-textures/Energie/30148.jpg,1502,1502,0.53
Cristiana Masi,Energie,41114,30149,30149,53 straight,0.53,10.05,53,Straight,,,/local-textures/Energie/30149.jpg,1502,1502,0.53
Cristiana Masi,Energie,41104,30153,30153,"26,5 straight",0.53,10.05,26.5,Straight,,,/local-textures/Energie/30153.jpg,1502,1502,0.53
Cristiana Masi,Energie,41132,30154,30154,"26,5 straight",0.53,10.05,26.5,Straight,,,/local-textures/Energie/30154.jpg,1502,1502,0.53
Cristiana Masi,Energie,41107,30155,30155,"26,5 straight",0.53,10.05,26.5,Straight,,,/local-textures/Energie/30155.jpg,1502,1502,0.53
Cristiana Masi,Energie,41102,30156,30156,"26,5 straight",0.53,10.05,26.5,Straight,,,/local-textures/Energie/30156.jpg,1502,1502,0.53
Cristiana Masi,Energie,41130,30158,30158,"26,5 straight",0.53,10.05,26.5,Straight,,,/local-textures/Energie/30158.jpg,1502,1502,0.53
Cristiana Masi,Energie,41108,30159,30159,"26,5 straight",0.53,10.05,26.5,Straight,,,/local-textures/Energie/30159.jpg,1502,1502,0.53
Cristiana Masi,Energie,41113,30161,30161,"6,6 straight",0.53,10.05,6.6,Straight,,,/local-textures/Energie/30161.jpg,1502,1502,0.53
Cristiana Masi,Energie,41112,30167,30167,"6,6 straight",0.53,10.05,6.6,Straight,,,/local-textures/Energie/30167.jpg,1502,1502,0.53
Cristiana Masi,Energie,41111,30169,30169,"6,6 straight",0.53,10.05,6.6,Straight,,,/local-textures/Energie/30169.jpg,1502,1502,0.53
Cristiana Masi,Energie,41136,30172,30172,"6,6 straight",0.53,10.05,6.6,Straight,,,/local-textures/Energie/30172.jpg,1502,1502,0.53
Cristiana Masi,Energie,41135,30173,30173,"6,6 straight",0.53,10.05,6.6,Straight,,,/local-textures/Energie/30173.jpg,1502,1502,0.53
Cristiana Masi,Energie,41138,30175,30175,"6,6 straight",0.53,10.05,6.6,Straight,,,/local-textures/Energie/30175.jpg,1502,1502,0.53
Cristiana Masi,Energie,41121,30176,30176,"7,7 straight",0.53,10.05,7.7,Straight,,,/local-textures/Energie/30176.jpg,1502,1502,0.53
Cristiana Masi,Energie,41122,30177,30177,"7,7 straight",0.53,10.05,7.7,Straight,,,/local-textures/Energie/30177.jpg,1502,1502,0.53
Cristiana Masi,Energie,41118,30178,30178,"7,7 straight",0.53,10.05,7.7,Straight,,,/local-textures/Energie/30178.jpg,1502,1502,0.53
Cristiana Masi,Energie,41123,30179,30179,"7,7 straight",0.53,10.05,7.7,Straight,,,/local-textures/Energie/30179.jpg,1502,1502,0.53
Cristiana Masi,Energie,41140,30181,30181,zero,0.53,10.05,0,,,,/local-textures/Energie/30181.jpg,1502,1502,0.53
Cristiana Masi,Energie,41143,30182,30182,zero,0.53,10.05,0,,,,/local-textures/Energie/30182.jpg,1502,1502,0.53
Cristiana Masi,Energie,41141,30183,30183,zero,0.53,10.05,0,,,,/local-textures/Energie/30183.jpg,1502,1502,0.53
Cristiana Masi,Energie,41147,30184,30184,zero,0.53,10.05,0,,,,/local-textures/Energie/30184.jpg,1502,1502,0.53
Cristiana Masi,Energie,41145,30185,30185,zero,0.53,10.05,0,,,,/local-textures/Energie/30185.jpg,1502,1502,0.53
Cristiana Masi,Energie,41149,30188,30188,zero,0.53,10.05,0,,,,/local-textures/Energie/30188.jpg,1502,1502,0.53
Cristiana Masi,Energie,41144,30193,30193,zero,0.53,10.05,0,,,,/local-textures/Energie/30193.jpg,1502,1502,0.53
Cristiana Masi,Energie,41146,30195,30195,zero,0.53,10.05,0,,,,/local-textures/Energie/30195.jpg,1502,1502,0.53
Cristiana Masi,Energie,41142,30197,30197,zero,0.53,10.05,0,,,,/local-textures/Energie/30197.jpg,1502,1502,0.53
Cristiana Masi,Energie,41148,30198,30198,zero,0.53,10.05,0,,,,/local-textures/Energie/30198.jpg,1502,1502,0.53
Cristiana Masi,Friends & Coffee,4651,11026,11026,53 straight,0.53,10.1,53,Straight,,,,,,
Cristiana Masi,Friends & Coffee,4650,11027,11027,53 straight,0.53,10.1,53,Straight,,,,,,
Cristiana Masi,Friends & Coffee,4601,16601,16601,53 offset,0.53,10.1,53,Offset,,,,,,
Cristiana Masi,Friends & Coffee,4619,16602,16602,53 offset,0.53,10.1,53,Offset,,,,,,
Cristiana Masi,Friends & Coffee,4627,16603,16603,53 offset,0.53,10.1,53,Offset,,,,,,
Cristiana Masi,Friends & Coffee,4610,16605,16605,zero/53 offset,0.53,10.1,0,,53,Offset,,,,
Cristiana Masi,Friends & Coffee,4607,16606,16606,zero/53 offset,0.53,10.1,0,,53,Offset,,,,
Cristiana Masi,Friends & Coffee,4604,16607,16607,zero/53 offset,0.53,10.1,0,,53,Offset,,,,
Cristiana Masi,Friends & Coffee,4621,16608,16608,zero/53 offset,0.53,10.1,0,,53,Offset,,,,
Cristiana Masi,Friends & Coffee,4612,16609,16609,64 straight,0.53,10.1,64,Straight,,,,,,
Cristiana Masi,Friends & Coffee,4615,16610,16610,64 straight,0.53,10.1,64,Straight,,,,,,
Cristiana Masi,Friends & Coffee,4629,16611,16611,53 offset,0.53,10.1,53,Offset,,,,,,
Cristiana Masi,Friends & Coffee,4632,16612,16612,53 offset,0.53,10.1,53,Offset,,,,,,
Cristiana Masi,Friends & Coffee,4630,16613,16613,53 offset,0.53,10.1,53,Offset,,,,,,
Cristiana Masi,Friends & Coffee,4628,16615,16615,53 offset,0.53,10.1,53,Offset,,,,,,
Cristiana Masi,Friends & Coffee,4631,16616,16616,53 offset,0.53,10.1,53,Offset,,,,,,
Cristiana Masi,Friends & Coffee,4643,16617,16617,53 paro,0.53,10.1,53,Paro,,,,,,
Cristiana Masi,Friends & Coffee,4641,16618,16618,53 paro,0.53,10.1,53,Paro,,,,,,
Cristiana Masi,Friends & Coffee,4634,16619,16619,53 paro,0.53,10.1,53,Paro,,,,,,
Cristiana Masi,Friends & Coffee,4640,16621,16621,53 paro,0.53,10.1,53,Paro,,,,,,
Cristiana Masi,Friends & Coffee,4637,16622,16622,53 paro,0.53,10.1,53,Paro,,,,,,
Cristiana Masi,Friends & Coffee,4635,16623,16623,53 paro,0.53,10.1,53,Paro,,,,,,
Cristiana Masi,Friends & Coffee,4649,16625,16625,53 offset,0.53,10.1,53,Offset,,,,,,
Cristiana Masi,Friends & Coffee,4647,16626,16626,53 offset,0.53,10.1,53,Offset,,,,,,
Cristiana Masi,Friends & Coffee,4654,16628,16628,"26,5 straight",0.53,10.1,26.5,Straight,,,,,,
Cristiana Masi,Friends & Coffee,4644,16629,16629,"26,5 straight",0.53,10.1,26.5,Straight,,,,,,
Cristiana Masi,Friends & Coffee,4658,16631,16631,53 straight,0.53,10.1,53,Straight,,,,,,
Cristiana Masi,Friends & Coffee,4667,16632,16632,53 straight,0.53,10.1,53,Straight,,,,,,
Cristiana Masi,Friends & Coffee,4662,16633,16633,53 straight,0.53,10.1,53,Straight,,,,,,
Cristiana Masi,Friends & Coffee,4655,16635,16635,53 straight,0.53,10.1,53,Straight,,,,,,
Cristiana Masi,Friends & Coffee,4669,16636,16636,53 straight,0.53,10.1,53,Straight,,,,,,
Cristiana Masi,Friends & Coffee,4663,16637,16637,53 straight,0.53,10.1,53,Straight,,,,,,
Cristiana Masi,Friends & Coffee,4661,16640,16640,53 straight,0.53,10.1,53,Straight,,,,,,
Cristiana Masi,Friends & Coffee,4670,16641,16641,53 straight,0.53,10.1,53,Straight,,,,,,
Cristiana Masi,Friends & Coffee,4664,16642,16642,53 straight,0.53,10.1,53,Straight,,,,,,
Cristiana Masi,Friends & Coffee,4668,16643,16643,53 offset,0.53,10.1,53,Offset,,,,,,
Cristiana Masi,Friends & Coffee,4625,16644,16644,53 offset,0.53,10.1,53,Offset,,,,,,
Cristiana Masi,Friends & Coffee,4603,16645,16645,53 offset,0.53,10.1,53,Offset,,,,,,
Cristiana Masi,Friends & Coffee,4656,16646,16646,"26,5 straight",0.53,10.1,26.5,Straight,,,,,,
Cristiana Masi,Friends & Coffee,4657,16647,16647,"26,5 straight",0.53,10.1,26.5,Straight,,,,,,
Cristiana Masi,Friends & Coffee,4620,16648,16648,"26,5 straight",0.53,10.1,26.5,Straight,,,,,,
Cristiana Masi,Friends & Coffee,4617,16649,16649,"26,5 straight",0.53,10.1,26.5,Straight,,,,,,
Cristiana Masi,Friends & Coffee,4624,16650,16650,"26,5 straight",0.53,10.1,26.5,Straight,,,,,,
Cristiana Masi,Friends & Coffee,4606,16651,16651,"26,5 straight",0.53,10.1,26.5,Straight,,,,,,
Cristiana Masi,Friends & Coffee,4639,16652,16652,"13,3 straight",0.53,10.1,13.3,Straight,,,,,,
Cristiana Masi,Friends & Coffee,4638,16653,16653,"13,3 straight",0.53,10.1,13.3,Straight,,,,,,
Cristiana Masi,Friends & Coffee,4613,16654,16654,"13,3 straight",0.53,10.1,13.3,Straight,,,,,,
Cristiana Masi,Friends & Coffee,4659,16656,16656,53 offset,0.53,10.1,53,Offset,,,,,,
Cristiana Masi,Friends & Coffee,4666,16657,16657,53 offset,0.53,10.1,53,Offset,,,,,,
Cristiana Masi,Friends & Coffee,4665,16658,16658,53 offset,0.53,10.1,53,Offset,,,,,,
Cristiana Masi,Friends & Coffee,4614,16660,16660,53 offset,0.53,10.1,53,Offset,,,,,,
Cristiana Masi,Friends & Coffee,4633,16661,16661,53 offset,0.53,10.1,53,Offset,,,,,,
Cristiana Masi,Friends & Coffee,4623,16662,16662,53 offset,0.53,10.1,53,Offset,,,,,,
Cristiana Masi,Friends & Coffee,4636,16663,16663,53 straight,0.53,10.1,53,Straight,,,,,,
Cristiana Masi,Friends & Coffee,4642,16664,16664,53 straight,0.53,10.1,53,Straight,,,,,,
Cristiana Masi,Friends & Coffee,4622,16665,16665,53 straight,0.53,10.1,53,Straight,,,,,,
Cristiana Masi,Friends & Coffee,4618,16667,16667,zero,0.53,10.1,0,,,,,,,
Cristiana Masi,Friends & Coffee,4616,16668,16668,zero,0.53,10.1,0,,,,,,,
Cristiana Masi,Friends & Coffee,4652,16670,16670,53 straight,0.53,10.1,53,Straight,,,,,,
Cristiana Masi,Friends & Coffee,4645,16671,16671,53 straight,0.53,10.1,53,Straight,,,,,,
Cristiana Masi,Friends & Coffee,4671,16672,16672,53 straight,0.53,10.1,53,Straight,,,,,,
Cristiana Masi,Friends & Coffee,4660,16673,16673,53 straight,0.53,10.1,53,Straight,,,,,,
Cristiana Masi,Friends & Coffee,4653,16675,16675,53 straight,0.53,10.1,53,Straight,,,,,,
Cristiana Masi,Friends & Coffee,4648,16676,16676,53 straight,0.53,10.1,53,Straight,,,,,,
Cristiana Masi,Friends & Coffee,4646,16677,16677,53 straight,0.53,10.1,53,Straight,,,,,,
Cristiana Masi,Friends & Coffee,4602,16680,16680,53 offset,0.53,10.1,53,Offset,,,,,,
Cristiana Masi,Friends & Coffee,4609,16681,16681,53 offset,0.53,10.1,53,Offset,,,,,,
Cristiana Masi,Friends & Coffee,4608,16682,16682,53 offset,0.53,10.1,53,Offset,,,,,,
Cristiana Masi,Friends & Coffee,4611,2159,2159,zero,0.53,10.1,0,,,,,,,
Cristiana Masi,Friends & Coffee,4626,5476,5476,zero,0.53,10.1,0,,,,,,,
Cristiana Masi,Friends & Coffee,4605,5686,5686,53 offset,0.53,10.1,53,Offset,,,,,,
Cristiana Masi,Blooming Garden,4538,84000,84000,64 offset,0.53,10.05,64,Offset,,,,,,
Cristiana Masi,Blooming Garden,4542,84001,84001,64 offset,0.53,10.05,64,Offset,,,,,,
Cristiana Masi,Blooming Garden,4540,84002,84002,64 offset,0.53,10.05,64,Offset,,,,,,
Cristiana Masi,Blooming Garden,4506,84004,84004,53 offset,0.53,10.05,53,Offset,,,,,,
Cristiana Masi,Blooming Garden,4510,84005,84005,53 offset,0.53,10.05,53,Offset,,,,,,
Cristiana Masi,Blooming Garden,4501,84006,84006,53 offset,0.53,10.05,53,Offset,,,,,,
Cristiana Masi,Blooming Garden,4508,84008,84008,"13,3 paro",0.53,10.05,13.3,Paro,,,,,,
Cristiana Masi,Blooming Garden,4505,84009,84009,"13,3 straight",0.53,10.05,13.3,Straight,,,,,,
Cristiana Masi,Blooming Garden,4522,84010,84010,"26,5 straight",0.53,10.05,26.5,Straight,,,,,,
Cristiana Masi,Blooming Garden,4511,84011,84011,"26,5 straight",0.53,10.05,26.5,Straight,,,,,,
Cristiana Masi,Blooming Garden,4502,84012,84012,"26,5 straight",0.53,10.05,26.5,Straight,,,,,,
Cristiana Masi,Blooming Garden,4530,84014,84014,64 offset,0.53,10.05,64,Offset,,,,,,
Cristiana Masi,Blooming Garden,4512,84015,84015,64 offset,0.53,10.05,64,Offset,,,,,,
Cristiana Masi,Blooming Garden,4519,84016,84016,64 offset,0.53,10.05,64,Offset,,,,,,
Cristiana Masi,Blooming Garden,4543,84018,84018,"10,6 straight",0.53,10.05,10.6,Straight,,,,,,
Cristiana Masi,Blooming Garden,4509,84019,84019,"10,6 straight",0.53,10.05,10.6,Straight,,,,,,
Cristiana Masi,Blooming Garden,4525,84020,84020,53 offset,0.53,10.05,53,Offset,,,,,,
Cristiana Masi,Blooming Garden,4526,84021,84021,53 offset,0.53,10.05,53,Offset,,,,,,
Cristiana Masi,Blooming Garden,4516,84022,84022,53 offset,0.53,10.05,53,Offset,,,,,,
Cristiana Masi,Blooming Garden,4521,84023,84023,53 offset,0.53,10.05,53,Offset,,,,,,
Cristiana Masi,Blooming Garden,4536,84025,84025,53 offset,0.53,10.05,53,Offset,,,,,,
Cristiana Masi,Blooming Garden,4532,84026,84026,53 offset,0.53,10.05,53,Offset,,,,,,
Cristiana Masi,Blooming Garden,4533,84027,84027,53 offset,0.53,10.05,53,Offset,,,,,,
Cristiana Masi,Blooming Garden,4545,84030,84030,"17,7 straight",0.53,10.05,17.7,Straight,,,,,,
Cristiana Masi,Blooming Garden,4545,84030,84030,"17,7 straight",0.53,10.05,17.7,Straight,,,,,,
Cristiana Masi,Blooming Garden,4513,84031,84031,"17,7 straight",0.53,10.05,17.7,Straight,,,,,,
Cristiana Masi,Blooming Garden,4549,84032,84032,"17,7 straight",0.53,10.05,17.7,Straight,,,,,,
Cristiana Masi,Blooming Garden,4544,84033,84033,"26,5 straight",0.53,10.05,26.5,Straight,,,,,,
Cristiana Masi,Blooming Garden,4550,84035,84035,"26,5 straight",0.53,10.05,26.5,Straight,,,,,,
Cristiana Masi,Blooming Garden,4551,84036,84036,"26,5 straight",0.53,10.05,26.5,Straight,,,,,,
Cristiana Masi,Blooming Garden,4546,84038,84038,53 offset,0.53,10.05,53,Offset,,,,,,
Cristiana Masi,Blooming Garden,4553,84039,84039,53 offset,0.53,10.05,53,Offset,,,,,,
Cristiana Masi,Blooming Garden,4548,84040,84040,53 offset,0.53,10.05,53,Offset,,,,,,
Cristiana Masi,Blooming Garden,4524,84047,84047,"13,3 straight",0.53,10.05,13.3,Straight,,,,,,
Cristiana Masi,Blooming Garden,4531,84048,84048,"13,3 straight",0.53,10.05,13.3,Straight,,,,,,
Cristiana Masi,Blooming Garden,4534,84049,84049,"13,3 straight",0.53,10.05,13.3,Straight,,,,,,
Cristiana Masi,Blooming Garden,4523,84051,84051,zero,0.53,10.05,0,,,,,,,
Cristiana Masi,Blooming Garden,4503,84052,84052,zero,0.53,10.05,0,,,,,,,
Cristiana Masi,Blooming Garden,4541,84053,84053,zero,0.53,10.05,0,,,,,,,
Cristiana Masi,Blooming Garden,4552,84054,84054,zero,0.53,10.05,0,,,,,,,
Cristiana Masi,Blooming Garden,4514,84057,84057,"17,7 straight",0.53,10.05,17.7,Straight,,,,,,
Cristiana Masi,Blooming Garden,4547,84058,84058,"17,7 straight",0.53,10.05,17.7,Straight,,,,,,
Cristiana Masi,Blooming Garden,4528,84061,84061,"13,3 straight",0.53,10.05,13.3,Straight,,,,,,
Cristiana Masi,Blooming Garden,4515,84062,84062,"13,3 straight",0.53,10.05,13.3,Straight,,,,,,
Cristiana Masi,Blooming Garden,4518,84063,84063,"13,3 straight",0.53,10.05,13.3,Straight,,,,,,
Cristiana Masi,Blooming Garden,4537,84064,84064,"13,3 straight",0.53,10.05,13.3,Straight,,,,,,
Cristiana Masi,Blooming Garden,4507,84066,84066,"2,4 straight",0.53,10.05,2.4,Straight,,,,,,
Cristiana Masi,Blooming Garden,4529,84067,84067,"2,4 straight",0.53,10.05,2.4,Straight,,,,,,
Cristiana Masi,Blooming Garden,4539,84069,84069,zero,0.53,10.05,0,,,,,,,
Cristiana Masi,Blooming Garden,4527,84070,84070,zero,0.53,10.05,0,,,,,,,
Cristiana Masi,Blooming Garden,4517,84071,84071,zero,0.53,10.05,0,,,,,,,
Cristiana Masi,Blooming Garden,4520,84072,84072,zero,0.53,10.05,0,,,,,,,
Cristiana Masi,Blooming Garden,4535,84073,84073,zero,0.53,10.05,0,,,,,,,
Cristiana Masi,Blooming Garden,4504,84079,84079,zero,0.53,10.05,0,,,,,,,
Cristiana Masi,Amazzonia,4448,22001,22001,60 offset,,,60,Offset,,,,,,
Cristiana Masi,Amazzonia,4440,22002,22002,60 offset,,,60,Offset,,,,,,
Cristiana Masi,Amazzonia,4444,22003,22003,60 offset,,,60,Offset,,,,,,
Cristiana Masi,Amazzonia,4428,22004,22004,60 offset,,,60,Offset,,,,,,
Cristiana Masi,Amazzonia,4418,22006,22006,64 offset,,,64,Offset,,,,,,
Cristiana Masi,Amazzonia,4416,22007,22007,64 offset,,,64,Offset,,,,,,
Cristiana Masi,Amazzonia,4411,22008,22008,64 offset,,,64,Offset,,,,,,
Cristiana Masi,Amazzonia,4420,22009,22009,64 offset,,,64,Offset,,,,,,
Cristiana Masi,Amazzonia,4435,22011,22011,53 straight,,,53,Straight,,,,,,
Cristiana Masi,Amazzonia,4424,22012,22012,53 straight,,,53,Straight,,,,,,
Cristiana Masi,Amazzonia,4443,22013,22013,53 straight,,,53,Straight,,,,,,
Cristiana Masi,Amazzonia,4432,22014,22014,53 straight,,,53,Straight,,,,,,
Cristiana Masi,Amazzonia,4404,22016,22016,53 straight,,,53,Straight,,,,,,
Cristiana Masi,Amazzonia,4407,22017,22017,53 straight,,,53,Straight,,,,,,
Cristiana Masi,Amazzonia,4401,22018,22018,53 straight,,,53,Straight,,,,,,
Cristiana Masi,Amazzonia,4455,22021,22021,60 offset,,,60,Offset,,,,,,
Cristiana Masi,Amazzonia,4451,22022,22022,60 offset,,,60,Offset,,,,,,
Cristiana Masi,Amazzonia,4457,22023,22023,60 offset,,,60,Offset,,,,,,
Cristiana Masi,Amazzonia,4427,22025,22025,16 straight,,,16,Straight,,,,,,
Cristiana Masi,Amazzonia,4449,22026,22026,16 straight,,,16,Straight,,,,,,
Cristiana Masi,Amazzonia,4442,22027,22027,16 straight,,,16,Straight,,,,,,
Cristiana Masi,Amazzonia,4434,22028,22028,16 straight,,,16,Straight,,,,,,
Cristiana Masi,Amazzonia,4445,22029,22029,16 straight,,,16,Straight,,,,,,
Cristiana Masi,Amazzonia,4430,22031,22031,"26,5 straight",,,26.5,Straight,,,,,,
Cristiana Masi,Amazzonia,4439,22032,22032,"26,5 straight",,,26.5,Straight,,,,,,
Cristiana Masi,Amazzonia,4414,22033,22033,"26,5 straight",,,26.5,Straight,,,,,,
Cristiana Masi,Amazzonia,4429,22034,22034,"26,5 straight",,,26.5,Straight,,,,,,
Cristiana Masi,Amazzonia,4447,22036,22036,"4,1 straight",,,4.1,Straight,,,,,,
Cristiana Masi,Amazzonia,4437,22037,22037,"4,1 straight",,,4.1,Straight,,,,,,
Cristiana Masi,Amazzonia,4441,22038,22038,"4,1 straight",,,4.1,Straight,,,,,,
Cristiana Masi,Amazzonia,4426,22039,22039,"4,1 straight",,,4.1,Straight,,,,,,
Cristiana Masi,Amazzonia,4409,22040,22040,"26,5 straight",,,26.5,Straight,,,,,,
Cristiana Masi,Amazzonia,4402,22041,22041,"26,5 straight",,,26.5,Straight,,,,,,
Cristiana Masi,Amazzonia,4406,22042,22042,"26,5 straight",,,26.5,Straight,,,,,,
Cristiana Masi,Amazzonia,4417,22045,22045,"5,3 straight",,,5.3,Straight,,,,,,
Cristiana Masi,Amazzonia,4413,22046,22046,"5,3 straight",,,5.3,Straight,,,,,,
Cristiana Masi,Amazzonia,4421,22047,22047,"5,3 straight",,,5.3,Straight,,,,,,
Cristiana Masi,Amazzonia,4436,22050,22050,"7,6 straight",,,7.6,Straight,,,,,,
Cristiana Masi,Amazzonia,4419,22051,22051,"7,6 straight",,,7.6,Straight,,,,,,
Cristiana Masi,Amazzonia,4415,22052,22052,"7,6 straight",,,7.6,Straight,,,,,,
Cristiana Masi,Amazzonia,4412,22053,22053,"7,6 straight",,,7.6,Straight,,,,,,
Cristiana Masi,Amazzonia,4431,22054,22054,"7,6 straight",,,7.6,Straight,,,,,,
Cristiana Masi,Amazzonia,4456,22056,22056,"17,7 straight",,,17.7,Straight,,,,,,
Cristiana Masi,Amazzonia,4452,22057,22057,"17,7 straight",,,17.7,Straight,,,,,,
Cristiana Masi,Amazzonia,4458,22058,22058,"17,7 straight",,,17.7,Straight,,,,,,
Cristiana Masi,Amazzonia,4454,22059,22059,"17,7 straight",,,17.7,Straight,,,,,,
Cristiana Masi,Amazzonia,4459,22067,22067,53 straight,,,53,Straight,,,,,,
Cristiana Masi,Amazzonia,4403,22068,22068,53 straight,,,53,Straight,,,,,,
Cristiana Masi,Amazzonia,4405,22072,22072,53 straight,,,53,Straight,,,,,,
Cristiana Masi,Amazzonia,4438,22073,22073,53 straight,,,53,Straight,,,,,,
Cristiana Masi,Amazzonia,4423,22074,22074,53 straight,,,53,Straight,,,,,,
Cristiana Masi,Amazzonia,4408,22080,22080,zero,,,0,,,,,,,
Cristiana Masi,Amazzonia,4433,22081,22081,zero,,,0,,,,,,,
Cristiana Masi,Amazzonia,4450,22082,22082,zero,,,0,,,,,,,
Cristiana Masi,Amazzonia,4453,22083,22083,zero,,,0,,,,,,,
Cristiana Masi,Amazzonia,4425,22085,22085,zero,,,0,,,,,,,
Cristiana Masi,Amazzonia,4410,22086,22086,zero,,,0,,,,,,,
Cristiana Masi,Amazzonia,4446,22087,22087,zero,,,0,,,,,,,
Cristiana Masi,Amazzonia,4422,22089,22089,zero,,,0,,,,,,,
